url,recordist,Country,Dpto,locality,date,latitude,longitude,species,scientific_name,iris,sex,lifestage
https://www.inaturalist.org/observations/14975350,Gordon Karre,Ecuador,,"Unnamed Road, Ecuador",2018-07-03,-0.1117,-78.5849,Barred Fruiteater,Pipreola arcuata,brown,male,adult
https://www.inaturalist.org/observations/18144171,SimonS6 Birding,Colombia,Caldas,"Villamaría, Villamaría, Caldas, CO",2018-11-03,5.0243,-75.3639,Barred Fruiteater,Pipreola arcuata,brown,male,adult
https://www.inaturalist.org/observations/22980574,Edison Ocaña,Ecuador,,RUMILOMA,2016-07-23,-0.1756,-78.5272,Pipreola arcuata,Pipreola arcuata,brown,male,adult
https://www.inaturalist.org/observations/33572081,David Torres,Ecuador,Quito,"Distrito Metropolitano de Quito, Ecuador",2019-09-28,-0.1155,-78.5841,Pipreola arcuata,Pipreola arcuata,brown,female,adult
https://www.inaturalist.org/observations/35633900,Michael Woodruff,Ecuador,,"Unnamed Road, Ecuador",2007-03-08,-0.1117,-78.5849,Barred Fruiteater,Pipreola arcuata,brown,male,adult
https://www.inaturalist.org/observations/36911938,,Ecuador,,"Quijos, Ecuador",2019-04-29,-0.3761,-78.0767,Pipreola arcuata,Pipreola arcuata,brown,male,adult
https://www.inaturalist.org/observations/37742219,Joao Quental,Colombia,Caldas,"Villamaría, Departamento de Caldas, CO",2019-11-13,5.0262,-75.3677,Pipreola arcuata,Pipreola arcuata,brown,male,adult
https://www.inaturalist.org/observations/37797553,Guillermo Nagy Aramacao Tours,Colombia,Caldas,"Manizales, Caldas, Colombia El Bosque",2019-07-17,5.0237,-75.3659,Pipreola arcuata,Pipreola arcuata,brown,male,adult
https://www.inaturalist.org/observations/40741560,David Monroy R,Colombia,,Hacienda El Bosque,2019-09-01,5.0247,-75.3695,Pipreola arcuata arcuata,Pipreola arcuata arcuata,brown,male,adult
https://www.inaturalist.org/observations/41900816,Thibaud Aronson,Perú,,PNYC - San Alberto,2020-03-15,-10.5560,-75.3519,Barred Fruiteater,Pipreola arcuata,brown,male,adult
https://www.inaturalist.org/observations/42003120,Mickaël Villemagne,Perú,,"Province de Huánuco, Pérou",2014-11-19,-9.7261,-76.1033,Barred Fruiteater,Pipreola arcuata,brown,male,adult
https://www.inaturalist.org/observations/42582698,David Weaver,Ecuador,Quito,"Metropolitan District of Quito, Ecuador",2018-11-29,-0.1024,-78.6066,Barred Fruiteater,Pipreola arcuata,brown,male,adult
https://www.inaturalist.org/observations/45274977,David Weaver,Ecuador,,"Quijos, Ecuador",2017-12-15,-0.3823,-78.0709,Barred Fruiteater,Pipreola arcuata,brown,male,adult
https://www.inaturalist.org/observations/46499761,Eduardo Obando,Ecuador,,"Pimampiro, Ecuador",2018-05-05,0.2596,-77.9898,frutero barrado,Pipreola arcuata,brown,male,adult
https://www.inaturalist.org/observations/47474878,Oscar Arévalo Borja,Ecuador,Quito,"Distrito Metropolitano de Quito, Ecuador",2020-01-25,-0.1116,-78.5852,frutero barrado,Pipreola arcuata,brown,male,adult
https://www.inaturalist.org/observations/47474882,Oscar Arévalo Borja,Ecuador,Quito,"Distrito Metropolitano de Quito, Ecuador",2020-01-25,-0.1119,-78.5850,frutero barrado,Pipreola arcuata,brown,female,adult
https://www.inaturalist.org/observations/49887765,David Monroy R,Colombia,Caldas,Hacienda El Bosque,2018-10-20,5.0247,-75.3695,Barred Fruiteater,Pipreola arcuata,brown,male,adult
https://www.inaturalist.org/observations/51620684,David Monroy R,Colombia,,"Finca Cortaderal, Santa Rosa de Cabal, Risaralda, Colombia",2020-06-25,4.8559,-75.4843,frutero barrado,Pipreola arcuata,brown,female,adult
https://www.inaturalist.org/observations/52645949,Edison Ocaña,Ecuador,,"Limite parque Sumaco, Ecuador",2019-11-21,-0.6214,-77.8299,Barred Fruiteater,Pipreola arcuata,brown,female,adult
https://www.inaturalist.org/observations/60021850,Christian Nunes,Perú,,"Huanuco, Peru",2009-12-12,-9.7381,-76.1706,frutero barrado,Pipreola arcuata,brown,male,adult
https://www.inaturalist.org/observations/64142623,Tristan Jobin,Ecuador,,"Palanda Canton, Ecuador",2019-03-19,-4.4325,-78.9754,Barred Fruiteater,Pipreola arcuata,brown,male,adult
https://www.inaturalist.org/observations/65074777,,Colombia,Caldas,"Manizales, Caldas, Colombia",2019-12-08,5.0219,-75.3611,frutero barrado,Pipreola arcuata,brown,male,adult
https://www.inaturalist.org/observations/65248776,Nelson Apolo,Ecuador,Pichincha,Zuroloma Birding,2020-11-16,-0.0867,-78.5987,Barred Fruiteater,Pipreola arcuata,brown,male,adult
https://www.inaturalist.org/observations/66147108,,Ecuador,,"Nono, Ecuador",2020-11-16,-0.0886,-78.5998,Barred Fruiteater,Pipreola arcuata,brown,female,adult
https://www.inaturalist.org/observations/68530573,Matt Brooks,Ecuador,,"Podocarpus National Park, Loja, Loja, EC",2006-02-13,-4.1143,-79.1700,Barred Fruiteater,Pipreola arcuata,brown,male,adult
https://www.inaturalist.org/observations/69928895,Ángel Dolón,Ecuador,,"Zamora, Ecuador",2017-10-14,-4.0325,-79.0712,Barred Fruiteater,Pipreola arcuata,brown,male,adult
https://www.inaturalist.org/observations/76085266,,Ecuador,Quito,"Distrito Metropolitano de Quito, Équateur",2008-09-24,-0.1153,-78.5866,frutero barrado,Pipreola arcuata,brown,male,adult
https://www.inaturalist.org/observations/90334900,,Colombia,Caldas,"Villamaria, Caldas, CO",2021-08-07,5.0369,-75.3986,Barred Fruiteater,Pipreola arcuata,brown,male,adult
https://www.inaturalist.org/observations/98265208,Christoph Moning,Ecuador,,"Quijos, Napo, Ecuador",2021-08-22,-0.3810,-78.0697,Barred Fruiteater,Pipreola arcuata,brown,female,adult
https://www.inaturalist.org/observations/100688956,Eric Carpenter,Ecuador,,"Palanda Canton, Ecuador",2021-10-19,-4.4912,-79.1307,Barred Fruiteater,Pipreola arcuata,brown,male,adult
https://www.inaturalist.org/observations/102236803,Nelson Apolo,Ecuador,,"Yangana (Arsenio Castillo), Ecuador",2021-08-08,-4.3847,-79.1247,Barred Fruiteater,Pipreola arcuata,brown,female,adult
https://www.inaturalist.org/observations/102514341,Jairo Cadavid,Colombia,,Hacienda El Bosque,2021-10-16,5.0247,-75.3695,Pipreola arcuata,Pipreola arcuata,brown,male,adult
https://www.inaturalist.org/observations/103637645,David J Barton,Colombia,Caldas,"Manizales, Caldas, Colombia",2021-12-08,5.0247,-75.3695,Barred Fruiteater,Pipreola arcuata,brown,female,adult
https://www.inaturalist.org/observations/107828315,Carlos N. G. Bocos,Colombia,Caldas,"Manizales, Caldas, Colombia",2022-02-22,5.0247,-75.3695,Barred Fruiteater,Pipreola arcuata,brown,female,adult
https://www.inaturalist.org/observations/117971016,David Bishop,Ecuador,Quito,"Metropolitan District of Quito, Ecuador",2016-06-02,-0.1091,-78.5877,Barred Fruiteater,Pipreola arcuata,brown,male,adult
https://www.inaturalist.org/observations/120806334,Stephen Mirick,Ecuador,,"Cuyuja, Ecuador",2020-02-24,-0.3809,-78.0714,Barred Fruiteater,Pipreola arcuata,brown,male,adult
https://www.inaturalist.org/observations/126982446,OlegRozhko,Perú,,"Уануко, Перу",2021-10-13,-9.5260,-76.2680,Barred Fruiteater,Pipreola arcuata,brown,male,adult
https://www.inaturalist.org/observations/127773873,Felipe Toro,Colombia,Caldas,"Manizales, Caldas, Colombia",2020-01-18,5.0247,-75.3695,Barred Fruiteater,Pipreola arcuata,brown,male,adult
https://www.inaturalist.org/observations/129221173,Josh Vandermeulen,Perú,,"Huanuco, Peru",2022-08-01,-9.7239,-76.1020,Barred Fruiteater,Pipreola arcuata,brown,male,adult
https://www.inaturalist.org/observations/130579947,Don Wellmann,Colombia,Caldas,"Manizales, Caldas, Colombia",2022-07-20,5.0240,-75.3677,Barred Fruiteater,Pipreola arcuata,brown,male,adult
https://www.inaturalist.org/observations/131220137,Benoît Segerer,Colombia,,Trail from El Jardin to El Incienso,2022-07-03,-6.9728,-77.6587,frutero barrado,Pipreola arcuata,brown,male,adult
https://www.inaturalist.org/observations/137258781,,Colombia,Caldas,"Manizales, Caldas, Kolumbien",2022-08-31,5.0251,-75.3640,Barred Fruiteater,Pipreola arcuata,brown,male,adult
https://www.inaturalist.org/observations/143313169,Nick Moore,Ecuador,,"Palanda Canton, Ecuador",2022-10-30,-4.4926,-79.1295,Barred Fruiteater,Pipreola arcuata,brown,female,adult
https://www.inaturalist.org/observations/143313171,Nick Moore,Ecuador,,"Palanda Canton, Ecuador",2022-10-30,-4.4926,-79.1295,Barred Fruiteater,Pipreola arcuata,brown,male,adult
https://www.inaturalist.org/observations/143750292,Rand Rudland,Colombia,,"Parque Nacional Natural Los Nevados, Tolima, Colombia",2022-12-05,4.7897,-75.3764,Barred Fruiteater,Pipreola arcuata,brown,female,adult
https://www.inaturalist.org/observations/144082275,Christoph Moning,Colombia,Caldas,"Manizales, Caldas, Kolumbien",2022-08-24,5.0237,-75.3653,Barred Fruiteater,Pipreola arcuata,brown,male,adult
https://www.inaturalist.org/observations/144880584,Dario Taraborelli,Colombia,Caldas,"Hacienda El Bosque, Manizales, Caldas, Colombia",2022-12-21,5.0231,-75.3629,Barred Fruiteater,Pipreola arcuata,brown,female,adult
https://www.inaturalist.org/observations/147980487,Tom Pavlik,Colombia,,"Cantón palanda vía Valladolid, 190102, Ecuador",2023-01-28,-4.4954,-79.1320,Barred Fruiteater,Pipreola arcuata,brown,male,adult
https://www.inaturalist.org/observations/148570661,Guy Babineau,Colombia,Caldas,"Vía Panamericana, Manizales, Caldas, Colombia",2023-01-31,5.0225,-75.3684,Barred Fruiteater,Pipreola arcuata,brown,male,adult
https://www.inaturalist.org/observations/149447706,Bruce Taylor,Colombia,Caldas,"Manizales, Caldas, Colombia",2023-02-14,5.0630,-75.5028,Barred Fruiteater,Pipreola arcuata,brown,male,adult
https://www.inaturalist.org/observations/150156440,Bram Siebring,Colombia,Caldas,"Manizales, Caldas, Colombia",2023-03-02,5.0235,-75.3649,Barred Fruiteater,Pipreola arcuata,brown,male,adult
https://www.inaturalist.org/observations/150873016,Elliot Hull,Ecuador,Zamora-Chinchipe,Casa Simpson- Reserva Tapichalaca,2023-03-11,-4.4929,-79.1305,Barred Fruiteater,Pipreola arcuata,brown,male,adult
https://www.inaturalist.org/observations/151106943,Paul Kingsnorth,Ecuador,Quito,"Metropolitan District of Quito, Ecuador",2009-08-04,-0.1120,-78.5848,Barred Fruiteater,Pipreola arcuata,brown,female,adult
https://www.inaturalist.org/observations/152373405,William Hull,Ecuador,,"Palanda Canton, Ecuador",2023-03-10,-4.4955,-79.1319,Barred Fruiteater,Pipreola arcuata,brown,female,adult
https://www.inaturalist.org/observations/152750407,William Hull,Ecuador,,"Palanda Canton, Ecuador",2023-03-11,-4.4875,-79.1268,Barred Fruiteater,Pipreola arcuata,brown,male,adult
https://www.inaturalist.org/observations/153080462,William Hull,Ecuador,,"Palanda Canton, Ecuador",2023-03-13,-4.4954,-79.1318,Barred Fruiteater,Pipreola arcuata,brown,female,adult
https://www.inaturalist.org/observations/153511772,,Colombia,,"San José de Isnos, Huila, Colombia",2022-11-27,2.0647,-76.3379,Barred Fruiteater,Pipreola arcuata,brown,female,adult
https://www.inaturalist.org/observations/153637136,William Hull,Ecuador,,"Palanda Canton, Ecuador",2023-03-16,-4.4894,-79.1257,Barred Fruiteater,Pipreola arcuata,brown,male,adult
https://www.inaturalist.org/observations/153637138,William Hull,Ecuador,,"Palanda Canton, Ecuador",2023-03-16,-4.4876,-79.1267,Barred Fruiteater,Pipreola arcuata,brown,male,adult
https://www.inaturalist.org/observations/156994971,Rémi Bigonneau,Ecuador,,"Palanda, Équateur",2023-04-26,-4.4874,-79.1268,Barred Fruiteater,Pipreola arcuata,brown,male,adult
https://www.inaturalist.org/observations/158417354,Andy Ruiz,Ecuador,,"Loja, Ecuador",2023-04-30,-4.1163,-79.1715,frutero barrado,Pipreola arcuata,brown,male,adult
https://www.inaturalist.org/observations/161716955,Milton Galvis,Colombia,Cundinamarca,"Guasca, Cundinamarca, Colombia",2023-05-13,4.7271,-73.8475,Barred Fruiteater,Pipreola arcuata,brown,male,adult
https://www.inaturalist.org/observations/171295962,Daniel S. Cooper,Colombia,Caldas,"Manizales, CO-CL, CO",2023-07-05,5.0234,-75.3649,Barred Fruiteater,Pipreola arcuata,brown,male,adult
https://www.inaturalist.org/observations/176478182,Attila Oláh,Ecuador,Quito,"Metropolitan District of Quito, Ecuador",2023-05-04,-0.1045,-78.5866,szalagos gyümölcskotinga,Pipreola arcuata,brown,male,adult
https://www.inaturalist.org/observations/183860721,Erik Atwell,Ecuador,Quito,"Metropolitan District of Quito, Ecuador",2022-01-19,-0.1091,-78.5855,Barred Fruiteater,Pipreola arcuata,brown,male,adult
https://www.inaturalist.org/observations/184962942,Cheryl Rosenfeld,Colombia,Caldas,"Vía Manizales - Alto de Letras, Manizales, Caldas, CO",2023-09-15,5.0223,-75.3682,Barred Fruiteater,Pipreola arcuata,brown,male,adult
https://www.inaturalist.org/observations/185046299,Ryan F. Mandelbaum,Ecuador,,"Cantón palanda vía Valladolid, 190102, Ecuador",2023-02-03,-4.4954,-79.1320,Barred Fruiteater,Pipreola arcuata,brown,male,adult
https://www.inaturalist.org/observations/185232942,Cheryl Rosenfeld,Colombia,Caldas,"Vía Manizales - Alto de Letras, Manizales, Caldas, CO",2023-09-14,5.0223,-75.3682,Barred Fruiteater,Pipreola arcuata,brown,female,adult
https://www.inaturalist.org/observations/189005229,,Ecuador,,"Podocarpus National Park, ロハ, ロハ, EC",2023-10-25,-4.1145,-79.1717,Pipreola arcuata,Pipreola arcuata,brown,male,adult
https://www.inaturalist.org/observations/189571531,,Ecuador,Quito,"Quito, Provincia de Pichincha, EC",2023-10-29,-0.0893,-78.6001,Tværstribet Frugtæder,Pipreola arcuata,brown,male,adult
https://www.inaturalist.org/observations/190399290,Luis Yupa,Ecuador,,"Quijos, Ecuador",2023-11-07,-0.3838,-78.0761,frutero barrado,Pipreola arcuata,brown,male,adult
https://www.inaturalist.org/observations/192006685,,Ecuador,,"Quijos, Ecuador",2023-02-02,-0.3781,-78.0777,Barred Fruiteater,Pipreola arcuata,brown,male,adult
https://www.inaturalist.org/observations/192012385,,Colombia,Caldas,"Manizales, Caldas, Colombia",2023-11-08,5.0630,-75.5028,Barred Fruiteater,Pipreola arcuata,brown,male,adult
https://www.inaturalist.org/observations/195319246,María Cristina Córdova,Ecuador,,"Loja, Ecuador",2023-11-18,-4.1202,-79.1661,frutero barrado,Pipreola arcuata,brown,male,adult
https://www.inaturalist.org/observations/195319247,María Cristina Córdova,Ecuador,,"Loja, Ecuador",2023-11-18,-4.1202,-79.1661,frutero barrado,Pipreola arcuata,brown,female,adult
https://www.inaturalist.org/observations/196421225,Don Marsille,Ecuador,Pichincha,"WCJbrown+VH Zuro loma reserva, Parroquia Nono, Ecuador",2023-12-15,-0.0678,-78.5961,Barred Fruiteater,Pipreola arcuata,brown,male,adult
https://www.inaturalist.org/observations/198766414,Ramiro Mendoza,Ecuador,,"Palanda Canton, Ecuador",2023-02-17,-4.4876,-79.1269,Pipreola arcuata,Pipreola arcuata,brown,male,adult
https://www.inaturalist.org/observations/199870902,RJ Baltierra,Perú,,"Huanuco, Peru",2023-11-13,-9.7234,-76.1694,Barred Fruiteater,Pipreola arcuata,brown,male,adult
https://www.inaturalist.org/observations/199969467,RJ Baltierra,Perú,,"Huanuco, Peru",2023-11-15,-9.7210,-76.0993,Barred Fruiteater,Pipreola arcuata,brown,male,adult
https://www.inaturalist.org/observations/201403918,Justin Walker,Colombia,Caldas,"Manizales, Caldas, Colombia",2024-03-05,5.0247,-75.3695,Barred Fruiteater,Pipreola arcuata,brown,male,juvenil
https://www.inaturalist.org/observations/202784131,Gaell Mainguy,Ecuador,,"Papallacta 150205, Ecuador",2015-03-19,-0.3785,-78.0741,Barred Fruiteater,Pipreola arcuata,brown,female,adult
https://www.inaturalist.org/observations/203110565,Edwin Múnera Chavarría,,,"Pereira, Risaralda, Colombia",2024-02-26,4.7353,-75.4611,frutero barrado,Pipreola arcuata,brown,male,adult
https://www.inaturalist.org/observations/205797285,Don Marsille,Ecuador,,"Cantón palanda vía Valladolid, 190102, Ecuador",2024-01-05,-4.4954,-79.1320,Barred Fruiteater,Pipreola arcuata,brown,female,adult
https://www.inaturalist.org/observations/206613702,Juan Carlos Figueroa,Ecuador,,"Chinchipe, Zamora Chinchipe, EC",2024-04-11,-4.5149,-79.1232,frutero barrado,Pipreola arcuata,brown,male,adult
https://www.inaturalist.org/observations/216844480,Jorge Montaño,Ecuador,,"Chinchipe, EC-ZC, EC",2024-05-19,-4.4871,-79.1269,Barred Fruiteater,Pipreola arcuata,brown,male,adult
https://www.inaturalist.org/observations/217106180,Thibaud Aronson,Perú,,"Altos de San Felipe, Cajamarca",2022-12-28,-5.7462,-79.2373,Pipreola arcuata arcuata,Pipreola arcuata arcuata,brown,male,adult
https://www.inaturalist.org/observations/227322253,Adrian Maldonado,Colombia,,"Suratá, Santander, Colombia",2024-06-14,7.4374,-72.9434,Barred Fruiteater,Pipreola arcuata,brown,male,adult
https://www.inaturalist.org/observations/228929290,Fredy Ramón C.,Ecuador,,"Valladolid, Ecuador",2024-07-01,-4.4890,-79.1276,frutero barrado,Pipreola arcuata,brown,female,adult
https://www.inaturalist.org/observations/233910191,Irene,Colombia,Caldas,"El Paraíso, Manizales, Caldas, CO",2024-08-03,5.0234,-75.3649,Barred Fruiteater,Pipreola arcuata,brown,male,adult
https://www.inaturalist.org/observations/234413738,Bird Explorers,Colombia,Caldas,"Manizales, Caldas, Colombia",2024-08-06,5.0238,-75.3651,Barred Fruiteater,Pipreola arcuata,brown,male,adult
https://www.inaturalist.org/observations/235805023,,Colombia,Caldas,"Manizales, Caldas, Colombia",2024-07-13,5.0233,-75.3649,Barred Fruiteater,Pipreola arcuata,brown,male,adult
https://www.inaturalist.org/observations/236387184,,Colombia,Caldas,"Manizales, Caldas, Colombia",2024-07-13,5.0269,-75.3789,Barred Fruiteater,Pipreola arcuata,brown,female,adult
https://www.inaturalist.org/observations/236390418,Esteban Poveda,Ecuador,,"Baños Canton, Ecuador",2024-08-17,-1.4430,-78.4264,Barred Fruiteater,Pipreola arcuata,brown,male,adult
https://www.inaturalist.org/observations/236611281,Jimy Andres,Colombia,Caldas,"Hacienda El Bosque, Manizales, Caldas, Colombia",2024-07-30,5.0247,-75.3695,Barred Fruiteater,Pipreola arcuata,brown,male,adult
https://www.inaturalist.org/observations/244267289,RITA PATRICIA GREFA SHIGUANGO,Ecuador,,"Nono, Ecuador",2023-10-29,-0.0892,-78.6000,frutero barrado,Pipreola arcuata,brown,male,adult
https://www.inaturalist.org/observations/248726473,Levi Morris,Colombia,Caldas,"Manizales, Caldas, Colombia",2024-08-30,5.0241,-75.3672,Barred Fruiteater,Pipreola arcuata,brown,male,adult
https://www.inaturalist.org/observations/249429860,Darrell Parsons,Colombia,Caldas,"El Paraíso, Manizales, Caldas, CO",2024-10-27,5.0218,-75.3584,Barred Fruiteater,Pipreola arcuata,brown,male,adult
https://www.inaturalist.org/observations/251754042,,Colombia,Caldas,"Hacienda El Bosque, Manizales, Caldas, Colombia",2024-11-08,5.0247,-75.3695,Barred Fruiteater,Pipreola arcuata,brown,male,adult
https://www.inaturalist.org/observations/252351287,Darrell Parsons,Colombia,Caldas,"Manizales, Caldas, Colombia",2024-10-27,5.0291,-75.3669,Barred Fruiteater,Pipreola arcuata,brown,male,adult
https://www.inaturalist.org/observations/252522436,Allen Chartier,Colombia,Caldas,"Manizales, Caldas, Colombia",2024-07-04,5.0231,-75.3650,Barred Fruiteater,Pipreola arcuata,brown,male,adult
https://www.inaturalist.org/observations/254520537,,Ecuador,Quito,"Quito, Pichincha, EC",2024-11-24,-0.0892,-78.6000,Barred Fruiteater,Pipreola arcuata,brown,male,adult
https://www.inaturalist.org/observations/256210910,,Colombia,Caldas,"Hacienda el Bosque, Manizales, Caldas, Colombia",2024-11-28,5.0247,-75.3695,Barred Fruiteater,Pipreola arcuata,brown,male,adult
https://www.inaturalist.org/observations/256856840,RJ Baltierra,Perú,,"Satipo Province, Peru",2023-11-17,-11.4871,-74.8794,Barred Fruiteater,Pipreola arcuata,brown,male,adult
https://www.inaturalist.org/observations/257703161,Aske Keiser-Nielsen,Colombia,Caldas,"Manizales, Caldas, Colombia",2025-01-07,5.0234,-75.3651,Barred Fruiteater,Pipreola arcuata,brown,male,adult
https://www.inaturalist.org/observations/258265780,Mark Price,Colombia,Caldas,"El Paraíso, Manizales, Caldas, CO",2025-01-08,5.0236,-75.3665,Barred Fruiteater,Pipreola arcuata,brown,male,adult
https://www.inaturalist.org/observations/259391490,Dan Vickers,Colombia,Caldas,"2JFJ+V5G, Manizales, Caldas, Colombia",2024-02-23,5.0247,-75.3695,Barred Fruiteater,Pipreola arcuata,brown,male,adult
https://www.inaturalist.org/observations/260771584,,Ecuador,Pichincha,"WC62+GbrownW Zuroloma Birding, Parroquia Nono, Ecuador",2025-01-12,-0.0886,-78.5998,Barred Fruiteater,Pipreola arcuata,brown,male,adult
https://www.inaturalist.org/observations/263091507,César María Aguilar Gómez,Perú,,"Mariscal Cáceres, Perú",2019-11-06,-6.8433,-77.7003,frutero barrado,Pipreola arcuata,brown,male,adult
https://www.inaturalist.org/observations/263325284,Alexandre Terrigeol,Ecuador,Quito,"Distrito Metropolitano de Quito, Équateur",2025-01-24,-0.1124,-78.5843,Cotinga barré,Pipreola arcuata,brown,male,adult
https://www.inaturalist.org/observations/263556818,Corey Leamy,Colombia,Caldas,"Manizales, Caldas, Colombia",2025-02-11,5.0242,-75.3623,Barred Fruiteater,Pipreola arcuata,brown,male,adult
https://www.inaturalist.org/observations/263559667,LostInCR,Colombia,Caldas,"Manizales, Caldas, Colombia",2025-01-21,5.0235,-75.3649,Barred Fruiteater,Pipreola arcuata,brown,male,adult
https://www.inaturalist.org/observations/263946396,Larry H Moore,Colombia,Caldas,"Hacienda El Bosque, Manizales, Caldas, Colombia",2025-02-07,5.0247,-75.3695,Barred Fruiteater,Pipreola arcuata,brown,male,adult
https://www.inaturalist.org/observations/268396144,Daniel Garrigues,Colombia,Caldas,"Manizales, Caldas, Colombia",2025-01-19,5.0238,-75.3658,Barred Fruiteater,Pipreola arcuata,brown,male,adult
https://www.inaturalist.org/observations/268556197,Josh Vandermeulen,Colombia,Caldas,"Manizales, Caldas, Colombia",2025-03-18,5.0234,-75.3649,Barred Fruiteater,Pipreola arcuata,brown,male,adult
https://www.inaturalist.org/observations/269306421,Josh Vandermeulen,Ecuador,,"Loja, Ecuador",2025-02-15,-4.1146,-79.1741,Barred Fruiteater,Pipreola arcuata,brown,female,adult
https://www.inaturalist.org/observations/269322500,Josh Vandermeulen,Ecuador,,"Palanda Canton, Ecuador",2025-02-17,-4.4897,-79.1282,Barred Fruiteater,Pipreola arcuata,brown,male,adult
https://www.inaturalist.org/observations/269322506,Josh Vandermeulen,Ecuador,,"Palanda Canton, Ecuador",2025-02-17,-4.4897,-79.1282,Barred Fruiteater,Pipreola arcuata,brown,female,adult
https://www.inaturalist.org/observations/272010105,RJ Baltierra,Colombia,Caldas,"Manizales, Caldas, Colombia",2025-02-22,5.0253,-75.3664,Barred Fruiteater,Pipreola arcuata,brown,male,adult
https://www.inaturalist.org/observations/276768257,Jovany Ramón,Ecuador,,"Valladolid, Ecuador",2025-04-29,-4.4875,-79.1266,frutero barrado,Pipreola arcuata,brown,male,adult
https://www.inaturalist.org/observations/279583113,Stephen John Davies,Colombia,Caldas,"Manizales, Caldas, Colombia",2024-11-11,5.0238,-75.3653,Barred Fruiteater,Pipreola arcuata,brown,male,adult
https://www.inaturalist.org/observations/63988469,Thibaud Aronson,Perú,,Cueva Blanca - Santa Bárbara,2020-08-02,-10.3813,-75.6354,Barred Fruiteater,Pipreola arcuata,brown,male,adult
426584781,Jorge Novoa - CORBIDI,Peru,Piura,"Choro Blanco-5.13770, -79.40358",2022-03-11,-5.1377,-79.4036,Barred Fruiteater,Pipreola arcuata,brown,male,adult
256473471,Thibaud Aronson,Peru,Pasco,Camino Cueva Blanca-Santa Barbara,2020-08-02,-10.3639,-75.5984,Barred Fruiteater,Pipreola arcuata,brown,male,adult
619571377,Steve Ogle,Peru,Huánuco,Carpish Tunnel (Valqui D5.1),2024-04-17,-9.7198,-76.0990,Barred Fruiteater,Pipreola arcuata,brown,male,adult
140605451,Roger Ahlman,Ecuador,Imbabura,Nueva America road from paramo to 3400 m on east side,2019-02-13,0.2898,-78.0132,Barred Fruiteater,Pipreola arcuata,brown,male,adult
394710401,Andres Vasquez Noboa,Ecuador,Pichincha,Reserva Zuro Loma,2021-12-09,-0.0887,-78.5998,Barred Fruiteater,Pipreola arcuata,brown,male,adult
397606791,Santiago Salazar,Ecuador,Pichincha,Reserva Zuro Loma,2021-12-13,-0.0887,-78.5998,Barred Fruiteater,Pipreola arcuata,brown,male,adult
632604966,RJ Baltierra,Colombia,Caldas,Hacienda El Bosque,2025-02-22,5.0247,-75.3695,Barred Fruiteater,Pipreola arcuata,brown,male,adult
29755041,Roger Ahlman,Ecuador,Pichincha,Reserva Yanacocha,2016-06-02,-0.1118,-78.5847,Barred Fruiteater,Pipreola arcuata,brown,female,adult
398961251,Joachim Bertrands | Ornis Birding Expeditions,Colombia,Caldas,Hacienda El Bosque,2021-11-24,5.0247,-75.3695,Barred Fruiteater,Pipreola arcuata,brown,female,adult
369426631,Jeff Maw,Ecuador,Pichincha,Reserva Zuro Loma,2021-09-01,-0.0887,-78.5998,Barred Fruiteater,Pipreola arcuata,brown,male,adult
184062701,Mathurin Malby,Colombia,Caldas,Hacienda El Bosque,2019-07-26,5.0247,-75.3695,Barred Fruiteater,Pipreola arcuata,brown,male,adult
204896421,Dušan Brinkhuizen,Ecuador,Zamora-Chinchipe,Reserva Tapichalaca y Casa Simpson,2007-12-09,-4.4950,-79.1323,Barred Fruiteater,Pipreola arcuata,brown,male,adult
632034528,François Hamel,Colombia,Caldas,Hacienda El Bosque,2025-02-24,5.0247,-75.3695,Barred Fruiteater,Pipreola arcuata,brown,male,adult
622869682,Oriol Miquel,Colombia,Caldas,Hacienda El Bosque,2024-07-15,5.0247,-75.3695,Barred Fruiteater,Pipreola arcuata,brown,hembra,adult
622869682,Oriol Miquel,Colombia,Caldas,Hacienda El Bosque,2024-07-15,5.0247,-75.3695,Barred Fruiteater,Pipreola arcuata,brown,macho,adult
537954431,Iain Robson,Colombia,Caldas,Hacienda El Bosque,2023-01-18,5.0247,-75.3695,Barred Fruiteater,Pipreola arcuata,brown,female,adult
602040481,Juan Lopez (www.juanlopezbirdtours.com),Colombia,Caldas,Hacienda El Bosque,2023-07-05,5.0247,-75.3695,Barred Fruiteater,Pipreola arcuata,brown,female,adult
506079611,Alex Luna,Ecuador,Pichincha,Reserva Zuro Loma,2022-11-21,-0.0887,-78.5998,Barred Fruiteater,Pipreola arcuata,brown,female,adult
559457501,Daniel Martínez,Ecuador,Zamora-Chinchipe,Reserva Tapichalaca y Casa Simpson,2023-04-14,-4.4950,-79.1323,Barred Fruiteater,Pipreola arcuata,brown,male,adult
492341181,Michel Gutierrez,Colombia,Caldas,Hacienda El Bosque,2022-02-15,5.0247,-75.3695,Barred Fruiteater,Pipreola arcuata,brown,female,adult
454296151,Dario Hipo,Ecuador,Pichincha,Reserva Zuro Loma,2022-05-14,-0.0887,-78.5998,Barred Fruiteater,Pipreola arcuata,brown,male,adulto
454296151,Dario Hipo,Ecuador,Pichincha,Reserva Zuro Loma,2022-05-14,-0.0887,-78.5998,Barred Fruiteater,Pipreola arcuata,brown,male,juvenil
479534721,John Mills,Ecuador,Pichincha,Reserva Zuro Loma,2022-04-06,-0.0887,-78.5998,Barred Fruiteater,Pipreola arcuata,brown,male,adult
613903742,Steve Juhasz,Ecuador,Zamora-Chinchipe,Reserva Tapichalaca y Casa Simpson,2024-01-10,-4.4950,-79.1323,Barred Fruiteater,Pipreola arcuata,brown,female,adult
433094551,Allison Miller,Colombia,Caldas,Hacienda El Bosque,2022-03-24,5.0247,-75.3695,Barred Fruiteater,Pipreola arcuata,brown,female,adult
630727148,Gene Revelas,Colombia,Caldas,Hacienda El Bosque,2025-02-14,5.0247,-75.3695,Barred Fruiteater,Pipreola arcuata,brown,male,adult
615858675,Yann Muzika,Colombia,Caldas,"El Paraíso, Manizales CO-Caldas 5.02388, -75.36454",2024-02-10,5.0239,-75.3645,Barred Fruiteater,Pipreola arcuata,brown,male,adult
463674161,Pancho Enriquez,Ecuador,Pichincha,Reserva Yanacocha,2022-05-16,-0.1118,-78.5847,Barred Fruiteater,Pipreola arcuata,brown,male,adult
631830517,Carlos Ulate,Colombia,Caldas,Hacienda El Bosque,2025-03-06,5.0247,-75.3695,Barred Fruiteater,Pipreola arcuata,brown,male,adult
630813264,Gabriel Willow,Colombia,Caldas,Hacienda El Bosque,2025-02-14,5.0247,-75.3695,Barred Fruiteater,Pipreola arcuata,brown,male,adult
621947166,Jeff Hapeman,Colombia,Caldas,Hacienda El Bosque,2024-03-28,5.0247,-75.3695,Barred Fruiteater,Pipreola arcuata,brown,male,adult
270234501,John Sterling,Ecuador,Napo,Guango Lodge,2020-09-20,-0.3781,-78.0743,Barred Fruiteater,Pipreola arcuata,brown,male,adult
204765441,Tomáš Grim,Ecuador,Pichincha,Reserva Yanacocha,2009-08-28,-0.1118,-78.5847,Barred Fruiteater,Pipreola arcuata,brown,female,adult
148382161,Stephan Lorenz I Rockjumper Birding Tours,Colombia,Caldas,Carretera Termales el Otoño--La Gruta,2019-03-03,4.9835,-75.3887,Barred Fruiteater,Pipreola arcuata,brown,male,adult
177701841,David Monroy Rengifo,Colombia,Caldas,Hacienda El Bosque,2019-09-01,5.0247,-75.3695,Barred Fruiteater,Pipreola arcuata,brown,male,adult
627866252,Mike Malmquist,Colombia,Caldas,Hacienda El Bosque,2024-12-11,5.0247,-75.3695,Barred Fruiteater,Pipreola arcuata,brown,male,adult
627480162,🦉Max Malmquist🦉,Colombia,Caldas,Hacienda El Bosque,2024-12-11,5.0247,-75.3695,Barred Fruiteater,Pipreola arcuata,brown,male,adult
623328896,Clayton Borzini 🦅,Peru,Junín,Puente Carrizales,2023-09-04,-11.5093,-74.8600,Barred Fruiteater,Pipreola arcuata,brown,female,adult
618573076,Chris Venetz | Ornis Birding Expeditions,Colombia,Caldas,Hacienda El Bosque,2020-03-02,5.0247,-75.3695,Barred Fruiteater,Pipreola arcuata,brown,male,adult
614581977,Daniel López-Velasco | Ornis Birding Expeditions,Peru,Huánuco,Sendero Tunel de Carpish,2023-12-21,-9.7235,-76.0975,Barred Fruiteater,Pipreola arcuata,brown,male,adult
612708144,Bill Elrick,Colombia,Caldas,Hacienda El Bosque,2023-12-10,5.0247,-75.3695,Barred Fruiteater,Pipreola arcuata,brown,male,adult
610661805,Andres Vasquez Noboa,Ecuador,Pichincha,Reserva Zuro Loma,2023-10-17,-0.0887,-78.5998,Barred Fruiteater,Pipreola arcuata,brown,male,adult
579466841,John Mills,Ecuador,Zamora-Chinchipe,Reserva Tapichalaca y Casa Simpson,2023-05-29,-4.4950,-79.1323,Barred Fruiteater,Pipreola arcuata,brown,male,adult
572437191,Ángel Avendaño,Colombia,Caldas,Hacienda El Bosque,2023-05-13,5.0247,-75.3695,Barred Fruiteater,Pipreola arcuata,brown,female,adult
571906251,Daniel Branch,Ecuador,Zamora-Chinchipe,Reserva Tapichalaca y Casa Simpson,2023-04-12,-4.4950,-79.1323,Barred Fruiteater,Pipreola arcuata,brown,male,adult
557034011,Manfred Bienert,Ecuador,Zamora-Chinchipe,Reserva Tapichalaca y Casa Simpson,2023-04-07,-4.4950,-79.1323,Barred Fruiteater,Pipreola arcuata,brown,male,adult
545224951,Alejandro Pinto_TanagerPhotoTours,Colombia,Caldas,Hacienda El Bosque,2023-03-13,5.0247,-75.3695,Barred Fruiteater,Pipreola arcuata,brown,male,adult
511775111,Christoph Moning,Colombia,Caldas,Hacienda El Bosque,2022-08-24,5.0247,-75.3695,Barred Fruiteater,Pipreola arcuata,brown,male,adult
457576031,Matthew Hall,Colombia,Caldas,Hacienda El Bosque,2022-06-07,5.0247,-75.3695,Barred Fruiteater,Pipreola arcuata,brown,female,adult
420651951,Sam Woods/Tropical Birding Tours,Ecuador,Pichincha,Reserva Zuro Loma,2022-02-14,-0.0887,-78.5998,Barred Fruiteater,Pipreola arcuata,brown,male,adult
398482201,Sam Woods/Tropical Birding Tours,Ecuador,Pichincha,Reserva Zuro Loma,2021-12-12,-0.0887,-78.5998,Barred Fruiteater,Pipreola arcuata,brown,male,adult
390876461,Knut Hansen,Colombia,Caldas,Hacienda El Bosque,2021-11-16,5.0247,-75.3695,Barred Fruiteater,Pipreola arcuata,brown,female,adult
246969131,David Monroy Rengifo,Colombia,Risaralda,Finca Cortaderal,2020-06-25,4.8559,-75.4843,Barred Fruiteater,Pipreola arcuata,brown,female,adult
535750051,Jhon Velasquez,Colombia,Meta,Vereda Monterredondo,2023-02-04,4.3213,-73.7728,Barred Fruiteater,Pipreola arcuata,brown,male,adult
468739041,aerin tedesco,Colombia,Caldas,Hacienda El Bosque,2022-07-19,5.0247,-75.3695,Barred Fruiteater,Pipreola arcuata,brown,male,adult
610002641,george parker,Ecuador,Zamora-Chinchipe,Reserva Tapichalaca y Casa Simpson,2023-08-26,-4.4950,-79.1323,Barred Fruiteater,Pipreola arcuata,brown,male,adult
608903477,Will Krohn,Colombia,Caldas,Hacienda El Bosque,2023-09-05,5.0247,-75.3695,Barred Fruiteater,Pipreola arcuata,brown,male,adult
414264541,Debra Craig 🦜,Ecuador,Pichincha,Reserva Zuro Loma,2022-02-01,-0.0887,-78.5998,Barred Fruiteater,Pipreola arcuata,brown,male,adult
111190331,David Monroy Rengifo,Colombia,Caldas,Hacienda El Bosque,2018-08-12,5.0247,-75.3695,Barred Fruiteater,Pipreola arcuata,brown,male,adult
104176721,Mike Seager,Ecuador,Pichincha,Reserva Yanacocha,2018-06-03,-0.1118,-78.5847,Barred Fruiteater,Pipreola arcuata,brown,male,adult
84531091,Jonah  Benningfield,Ecuador,Pichincha,Reserva Yanacocha,2017-12-18,-0.1118,-78.5847,Barred Fruiteater,Pipreola arcuata,brown,male,adult
74015311,Ian Davies,Peru,Huánuco,Bosque Unchog (Valqui D5.3),2009-12-12,-9.7373,-76.1698,Barred Fruiteater,Pipreola arcuata,brown,male,adult
37565631,Michael Smith,Ecuador,Pichincha,Road from San Jorge Ecolodge to Yanacocha Reserve,2016-06-19,-0.1085,-78.5619,Barred Fruiteater,Pipreola arcuata,brown,hembra,adult
37565631,Michael Smith,Ecuador,Pichincha,Road from San Jorge Ecolodge to Yanacocha Reserve,2016-06-19,-0.1085,-78.5619,Barred Fruiteater,Pipreola arcuata,brown,macho,adult
246116071,David Weaver,Ecuador,Pichincha,Reserva Zuro Loma,2020-06-27,-0.0887,-78.5998,Barred Fruiteater,Pipreola arcuata,brown,male,adult
169452571,Leandro Arias Salazar,Colombia,Caldas,Hacienda El Bosque,2019-07-05,5.0247,-75.3695,Barred Fruiteater,Pipreola arcuata,brown,male,adult
147851631,Robert Lockett,Colombia,Cesar,Road below paramo,2019-02-21,10.3626,-72.9471,Barred Fruiteater,Pipreola arcuata,brown,male,adult
425472051,Anthony Kaduck,Ecuador,Pichincha,Reserva Zuro Loma,2022-03-11,-0.0887,-78.5998,Barred Fruiteater,Pipreola arcuata,brown,female,adult
119782081,Chris Bell,Colombia,Caldas,Hacienda El Bosque,2018-10-20,5.0247,-75.3695,Barred Fruiteater,Pipreola arcuata,brown,male,adult
624026931,Isaac Smith,Peru,Amazonas,Trocha Cresta de San Lorenzo,2024-09-06,-5.8102,-78.0210,Barred Fruiteater,Pipreola arcuata,brown,male,adult
632019839,John Mills,Ecuador,Zamora-Chinchipe,Reserva Tapichalaca y Casa Simpson,2023-03-25,-4.4950,-79.1323,Barred Fruiteater,Pipreola arcuata,brown,female,adult
630984629,Ray O'Reilly,Colombia,Caldas,Hacienda El Bosque,2025-02-18,5.0247,-75.3695,Barred Fruiteater,Pipreola arcuata,brown,male,adult
624200541,Richard Dunn,Colombia,Caldas,Hacienda El Bosque,2024-05-25,5.0247,-75.3695,Barred Fruiteater,Pipreola arcuata,brown,male,adult
622459327,Emily Taylor,Colombia,Caldas,Hacienda el bosque crescent faced antpitta site,2024-06-19,5.0235,-75.3649,Barred Fruiteater,Pipreola arcuata,brown,female,adult
622226691,Herb Elliott,Colombia,Caldas,Hacienda El Bosque,2024-08-03,5.0247,-75.3695,Barred Fruiteater,Pipreola arcuata,brown,male,adult
621845381,Joshua Stone,Colombia,Caldas,Hacienda El Bosque,2024-07-13,5.0247,-75.3695,Barred Fruiteater,Pipreola arcuata,brown,female,adult
620842177,Daniel Arias-Cruzatty @urban_ornis,Ecuador,Zamora-Chinchipe,Reserva Tapichalaca--Mirador de la Jocotoco,2024-04-05,-4.4875,-79.1268,Barred Fruiteater,Pipreola arcuata,brown,male,adult
619784333,Ryan Shaw,Colombia,Caldas,Hacienda El Bosque,2024-05-20,5.0247,-75.3695,Barred Fruiteater,Pipreola arcuata,brown,male,adult
617498708,Ken Rosenberg,Peru,Amazonas,Abra Barro Negro--Las Palmas,2024-03-25,-6.7121,-77.8526,Barred Fruiteater,Pipreola arcuata,brown,female,adult
616958764,Brandon Nidiffer,Colombia,Caldas,Hacienda El Bosque,2022-11-01,5.0247,-75.3695,Barred Fruiteater,Pipreola arcuata,brown,female,adult
616546795,Daniel López-Velasco | Ornis Birding Expeditions,Colombia,Caldas,"El Paraíso, Manizales CO-Caldas 5.02388, -75.36454",2024-02-10,5.0239,-75.3645,Barred Fruiteater,Pipreola arcuata,brown,male,adult
615332011,Sam Woods/Tropical Birding Tours,Ecuador,Zamora-Chinchipe,Reserva Tapichalaca y Casa Simpson,2024-02-25,-4.4950,-79.1323,Barred Fruiteater,Pipreola arcuata,brown,female,adult
615328254,Dan Vickers,Colombia,Caldas,Hacienda El Bosque,2024-02-23,5.0247,-75.3695,Barred Fruiteater,Pipreola arcuata,brown,male,adult
612906169,Stephen Fettig,Colombia,Caldas,"Colombia Caldas, Hacienda El Bosque, comedero lugar 2",2022-08-23,5.0220,-75.3668,Barred Fruiteater,Pipreola arcuata,brown,male,adult
610692174,Olivier Langrand,Ecuador,Pichincha,Reserva Zuro Loma,2023-10-29,-0.0887,-78.5998,Barred Fruiteater,Pipreola arcuata,brown,male,adult
610664801,Karaleah Reichart Bercaw,Colombia,Caldas,Hacienda El Bosque,2023-09-06,5.0247,-75.3695,Barred Fruiteater,Pipreola arcuata,brown,male,adult
609486772,Stephen Gast,Colombia,Caldas,Hacienda El Bosque,2023-08-14,5.0247,-75.3695,Barred Fruiteater,Pipreola arcuata,brown,male,adult
604141701,Gary Rosenberg,Ecuador,Zamora-Chinchipe,Reserva Tapichalaca y Casa Simpson,2023-08-09,-4.4950,-79.1323,Barred Fruiteater,Pipreola arcuata,brown,male,adult
557055401,Manfred Bienert,Ecuador,Zamora-Chinchipe,Reserva Tapichalaca y Casa Simpson,2023-04-08,-4.4950,-79.1323,Barred Fruiteater,Pipreola arcuata,brown,male,adult
548690021,Jorge L. Peña,Colombia,Huila,Camino Nacional (El Embudo),2023-03-19,1.9354,-76.5893,Barred Fruiteater,Pipreola arcuata,brown,male,adult
543947081,Greg Bodker,Ecuador,Zamora-Chinchipe,Reserva Tapichalaca y Casa Simpson,2023-02-20,-4.4950,-79.1323,Barred Fruiteater,Pipreola arcuata,brown,male,adult
538275761,Marilyn White,Colombia,Caldas,Hacienda El Bosque,2023-01-17,5.0247,-75.3695,Barred Fruiteater,Pipreola arcuata,brown,hembra,adult
538275761,Marilyn White,Colombia,Caldas,Hacienda El Bosque,2023-01-17,5.0247,-75.3695,Barred Fruiteater,Pipreola arcuata,brown,macho,adult
531136841,Tom Pavlik,Ecuador,Zamora-Chinchipe,Reserva Tapichalaca y Casa Simpson,2023-01-28,-4.4950,-79.1323,Barred Fruiteater,Pipreola arcuata,brown,male,adult
465428761,William Hemstrom,Colombia,Caldas,Hacienda El Bosque,2022-07-02,5.0247,-75.3695,Barred Fruiteater,Pipreola arcuata,brown,male,adult
464652921,Fernando Burgalin Sequeria,Colombia,Caldas,Hacienda El Bosque,2022-05-26,5.0247,-75.3695,Barred Fruiteater,Pipreola arcuata,brown,male,adult
461742941,Jorge Gabriel Campos,Colombia,Caldas,Hacienda El Bosque,2022-05-24,5.0247,-75.3695,Barred Fruiteater,Pipreola arcuata,brown,male,adult
437619291,Gretchen Locy,Ecuador,Pichincha,Reserva Zuro Loma,2022-03-13,-0.0887,-78.5998,Barred Fruiteater,Pipreola arcuata,brown,male,adult
433903631,Nick Athanas,Colombia,Caldas,Hacienda El Bosque,2022-02-15,5.0247,-75.3695,Barred Fruiteater,Pipreola arcuata,brown,female,adult
426810011,Sam Woods/Tropical Birding Tours,Ecuador,Pichincha,Reserva Zuro Loma,2022-03-19,-0.0887,-78.5998,Barred Fruiteater,Pipreola arcuata,brown,male,adult
404417991,Gary Rosenberg,Ecuador,Pichincha,Reserva Zuro Loma,2021-12-30,-0.0887,-78.5998,Barred Fruiteater,Pipreola arcuata,brown,male,adult
406783281,Daniel Lebbin,Ecuador,Pichincha,Reserva Zuro Loma,2022-01-05,-0.0887,-78.5998,Barred Fruiteater,Pipreola arcuata,brown,male,adult
380569411,Charley Hesse,Colombia,Cundinamarca,PNN Chingaza (Dept. Cundinamarca),2009-07-18,4.7112,-73.8064,Barred Fruiteater,Pipreola arcuata,brown,female,adult
274158661,Christiana Fattorelli,Ecuador,Tungurahua,Copete Alto,2020-10-24,-1.4478,-78.4274,Barred Fruiteater,Pipreola arcuata,brown,male,adult
454410991,Caleb Putnam,Ecuador,Zamora-Chinchipe,Reserva Tapichalaca y Casa Simpson,2022-04-06,-4.4950,-79.1323,Barred Fruiteater,Pipreola arcuata,brown,female,adult
406560641,Lisa Carol Wolf,Colombia,Caldas,Hacienda El Bosque,2022-01-16,5.0247,-75.3695,Barred Fruiteater,Pipreola arcuata,brown,male,adult
214785281,David Bishop,Ecuador,Pichincha,Reserva Yanacocha,2016-06-01,-0.1118,-78.5847,Barred Fruiteater,Pipreola arcuata,brown,male,adult
48810521,Catherine McFadden,Ecuador,Loja,PN Podocarpus--Sector Cajanuma,2012-02-25,-4.1167,-79.1738,Barred Fruiteater,Pipreola arcuata,brown,male,adult
214052291,Anton Liebermann,Ecuador,Zamora-Chinchipe,Reserva Tapichalaca y Casa Simpson,2020-03-07,-4.4950,-79.1323,Barred Fruiteater,Pipreola arcuata,brown,female,adult
624314189,Ben Lucking | WINGS,Peru,Amazonas,Trocha Cresta de San Lorenzo,2024-09-06,-5.8102,-78.0210,Barred Fruiteater,Pipreola arcuata,brown,male,adult
610939141,David Muth,Ecuador,Zamora-Chinchipe,Reserva Tapichalaca y Casa Simpson,2023-08-09,-4.4950,-79.1323,Barred Fruiteater,Pipreola arcuata,brown,male,adult
375500121,Tom McIntosh,Ecuador,Pichincha,Reserva Zuro Loma,2021-08-10,-0.0887,-78.5998,Barred Fruiteater,Pipreola arcuata,brown,female,adult
119952861,David Monroy Rengifo,Colombia,Caldas,Hacienda El Bosque,2018-10-20,5.0247,-75.3695,Barred Fruiteater,Pipreola arcuata,brown,male,adult
624222674,Juan Diego Vargas,Colombia,Caldas,Hacienda El Bosque,2023-11-16,5.0247,-75.3695,Barred Fruiteater,Pipreola arcuata,brown,male,adult
623608244,Esteban Poveda,Ecuador,Tungurahua,El Copete,2024-08-17,-1.4249,-78.4195,Barred Fruiteater,Pipreola arcuata,brown,male,adult
622596826,Frances Oliver,Colombia,Caldas,Hacienda El Bosque,2024-08-03,5.0247,-75.3695,Barred Fruiteater,Pipreola arcuata,brown,male,adult
621758591,Mel Senac,Colombia,Caldas,Hacienda El Bosque,2024-07-06,5.0247,-75.3695,Barred Fruiteater,Pipreola arcuata,brown,female,adult
621550796,Diego Guerrero,Colombia,Caldas,Hacienda El Bosque,2024-07-07,5.0247,-75.3695,Barred Fruiteater,Pipreola arcuata,brown,male,adult
619444919,Hector Cadena,Ecuador,Pichincha,Reserva Zuro Loma,2024-05-21,-0.0887,-78.5998,Barred Fruiteater,Pipreola arcuata,brown,female,adult
619372236,Thibaud Aronson,Peru,Cajamarca,EM-X PC-6,2022-12-28,-5.7458,-79.2363,Barred Fruiteater,Pipreola arcuata,brown,male,adult
615230302,Nick Bolgiano,Colombia,Caldas,Hacienda El Bosque,2024-02-13,5.0247,-75.3695,Barred Fruiteater,Pipreola arcuata,brown,male,adult
614874409,Kirk Doerger,Colombia,Caldas,Hacienda El Bosque,2024-02-10,5.0247,-75.3695,Barred Fruiteater,Pipreola arcuata,brown,male,adult
613946262,Robert Chadwick,Colombia,Caldas,Hacienda El Bosque,2024-01-19,5.0247,-75.3695,Barred Fruiteater,Pipreola arcuata,brown,male,adult
612968360,Xiaoni Xu,Ecuador,Pichincha,Reserva Zuro Loma,2023-12-15,-0.0887,-78.5998,Barred Fruiteater,Pipreola arcuata,brown,male,adult
611266198,Sergio A. Dueñas Trejo,Colombia,Huila,Popayan - Isnos CO-Huila,2023-11-13,2.1652,-76.4139,Barred Fruiteater,Pipreola arcuata,brown,male,adult
611260528,Carolien Hoek,Colombia,Caldas,Hacienda El Bosque,2023-09-17,5.0247,-75.3695,Barred Fruiteater,Pipreola arcuata,brown,male,adult
610527556,Thomas Burns,Ecuador,Zamora-Chinchipe,"IV Eje vial, Chinchipe EC-Zamora Chinchipe -4.49185, -79.13478",2023-10-05,-4.4919,-79.1348,Barred Fruiteater,Pipreola arcuata,brown,female,adult
609289461,Bobby Wilcox | Rockjumper Birding Tours,Colombia,Caldas,Hacienda El Bosque,2023-08-04,5.0247,-75.3695,Barred Fruiteater,Pipreola arcuata,brown,male,adult
608745915,Sharon Lu,Colombia,Caldas,Hacienda El Bosque,2023-07-02,5.0247,-75.3695,Barred Fruiteater,Pipreola arcuata,brown,female,adult
608312958,Qiang Zeng,Colombia,Caldas,Hacienda El Bosque,2023-08-27,5.0247,-75.3695,Barred Fruiteater,Pipreola arcuata,brown,male,adult
604231481,joan garvey,Ecuador,Zamora-Chinchipe,Reserva Tapichalaca y Casa Simpson,2023-08-09,-4.4950,-79.1323,Barred Fruiteater,Pipreola arcuata,brown,male,adult
600059701,Grant Price,Colombia,Caldas,Hacienda El Bosque,2023-04-26,5.0247,-75.3695,Barred Fruiteater,Pipreola arcuata,brown,male,adult
587362051,♏️ ©️,Ecuador,Pichincha,Reserva Zuro Loma,2023-06-10,-0.0887,-78.5998,Barred Fruiteater,Pipreola arcuata,brown,male,adult
570065971,Isaac Sanchez,Colombia,Caldas,Hacienda El Bosque,2023-04-22,5.0247,-75.3695,Barred Fruiteater,Pipreola arcuata,brown,male,adult
561593311,Thomas Galewski,Colombia,Caldas,Hacienda El Bosque,2023-02-19,5.0247,-75.3695,Barred Fruiteater,Pipreola arcuata,brown,female,adult
533405801,Gabriel Willow,Ecuador,Zamora-Chinchipe,Reserva Tapichalaca y Casa Simpson,2023-02-03,-4.4950,-79.1323,Barred Fruiteater,Pipreola arcuata,brown,male,adult
483049611,Howard Laidlaw,Ecuador,Zamora-Chinchipe,Reserva Tapichalaca y Casa Simpson,2022-09-07,-4.4950,-79.1323,Barred Fruiteater,Pipreola arcuata,brown,male,adult
478760891,Nick Athanas,Colombia,Caldas,Hacienda El Bosque,2022-08-10,5.0247,-75.3695,Barred Fruiteater,Pipreola arcuata,brown,male,adult
472934831,Joseph Beck,Colombia,Caldas,Hacienda El Bosque,2022-07-14,5.0247,-75.3695,Barred Fruiteater,Pipreola arcuata,brown,male,adult
445073681,Carlos Roberto Chavarria,Ecuador,Zamora-Chinchipe,Reserva Tapichalaca y Casa Simpson,2022-04-18,-4.4950,-79.1323,Barred Fruiteater,Pipreola arcuata,brown,male,adult
424859411,Carl Winstead,Colombia,Caldas,Hacienda El Bosque,2022-03-02,5.0247,-75.3695,Barred Fruiteater,Pipreola arcuata,brown,male,juvenil
419613501,Graham Gerdeman,Ecuador,Pichincha,Reserva Zuro Loma,2022-02-14,-0.0887,-78.5998,Barred Fruiteater,Pipreola arcuata,brown,male,adult
419565031,Paul Aguilar,Ecuador,Pichincha,Reserva Zuro Loma,2022-02-17,-0.0887,-78.5998,Barred Fruiteater,Pipreola arcuata,brown,male,adult
418382181,Jorge Humbser,Ecuador,Azuay,Sevilla de Oro,2022-02-20,-2.8090,-78.6250,Barred Fruiteater,Pipreola arcuata,brown,male,adult
409332161,Ryan Zucker,Ecuador,Pichincha,Reserva Zuro Loma,2022-01-02,-0.0887,-78.5998,Barred Fruiteater,Pipreola arcuata,brown,male,adult
389077351,Juan Sebastian Pinchao Piedrahita,Colombia,Caldas,Hacienda El Bosque,2021-11-14,5.0247,-75.3695,Barred Fruiteater,Pipreola arcuata,brown,male,adult
388933091,David López Giraldo,Colombia,Caldas,Hacienda El Bosque,2021-11-14,5.0247,-75.3695,Barred Fruiteater,Pipreola arcuata,brown,male,adult
360370951,Nate Swick,Colombia,Caldas,Hacienda El Bosque,2021-08-07,5.0247,-75.3695,Barred Fruiteater,Pipreola arcuata,brown,female,adult
281148441,Jorge L. Peña,Colombia,Santander,"Bucaramanga-Berlin, Santander, CO (7.106, -73.009)",2020-11-16,7.1062,-73.0085,Barred Fruiteater,Pipreola arcuata,brown,male,adult
232600631,Shailesh Pinto,Colombia,Caldas,Hacienda El Bosque,2019-11-26,5.0247,-75.3695,Barred Fruiteater,Pipreola arcuata,brown,male,adult
228278751,Stephen Mirick,Ecuador,Napo,Guango Lodge,2020-02-24,-0.3781,-78.0743,Barred Fruiteater,Pipreola arcuata,brown,male,adult
219796321,Rainer Seifert,Colombia,Caldas,Hacienda El Bosque,2020-03-02,5.0245,-75.3666,Barred Fruiteater,Pipreola arcuata,brown,male,adult
209465281,Anton Liebermann,Ecuador,Napo,"Coordillera Guacamayos, Parque Nacional Sumaco Napo - Galeras",2020-02-13,-0.6222,-77.8303,Barred Fruiteater,Pipreola arcuata,brown,male,adult
133979041,Whitney Mortimer,Ecuador,Pichincha,Reserva Yanacocha,2018-12-28,-0.1118,-78.5847,Barred Fruiteater,Pipreola arcuata,brown,male,adult
97871651,John Bruin,Colombia,Cesar,Chamicero del Perijá Proaves Reserve,2018-04-06,10.3627,-72.9492,Barred Fruiteater,Pipreola arcuata,brown,female,adult
87202811,David Weaver,Ecuador,Pichincha,Reserva Yanacocha,2016-02-14,-0.1118,-78.5847,Barred Fruiteater,Pipreola arcuata,brown,male,adult
624756192,Ferran López Sanz,Colombia,Caldas,Hacienda El Bosque,2023-08-17,5.0247,-75.3695,Barred Fruiteater,Pipreola arcuata,brown,female,adult
616828553,Trevor Ellery,Colombia,Caldas,Hacienda El Bosque,2024-03-05,5.0247,-75.3695,Barred Fruiteater,Pipreola arcuata,brown,female,adult
615682515,Justin Harris,Colombia,Caldas,Hacienda El Bosque,2024-03-05,5.0247,-75.3695,Barred Fruiteater,Pipreola arcuata,brown,male,juvenil
615426854,Briana Fisher,Ecuador,Pichincha,Reserva Yanacocha,2024-02-17,-0.1118,-78.5847,Barred Fruiteater,Pipreola arcuata,brown,male,adult
611625688,Andrew Farnsworth,Colombia,Caldas,Hacienda El Bosque,2023-11-15,5.0247,-75.3695,Barred Fruiteater,Pipreola arcuata,brown,female,adult
609879188,Nige Hartley,Ecuador,Zamora-Chinchipe,Reserva Tapichalaca y Casa Simpson,2023-08-16,-4.4950,-79.1323,Barred Fruiteater,Pipreola arcuata,brown,hembra,adult
609879188,Nige Hartley,Ecuador,Zamora-Chinchipe,Reserva Tapichalaca y Casa Simpson,2023-08-16,-4.4950,-79.1323,Barred Fruiteater,Pipreola arcuata,brown,macho,adult
584966771,Edward Martin lopez,Colombia,Cundinamarca,Valle Escondido,2023-06-13,4.5493,-73.9696,Barred Fruiteater,Pipreola arcuata,brown,female,adult
527895541,Gabriel Willow,Ecuador,Napo,Guango Lodge,2023-01-24,-0.3781,-78.0743,Barred Fruiteater,Pipreola arcuata,brown,female,adult
513089211,Nick Moore,Ecuador,Zamora-Chinchipe,Reserva Tapichalaca y Casa Simpson,2022-10-30,-4.4950,-79.1323,Barred Fruiteater,Pipreola arcuata,brown,female,adult
470859841,Gerry Hawkins,Colombia,Caldas,Hacienda El Bosque,2022-07-28,5.0247,-75.3695,Barred Fruiteater,Pipreola arcuata,brown,male,adult
435524451,Bradley Hacker 🦜,Peru,Huánuco,Carpish Tunnel (Valqui D5.1),2022-03-12,-9.7198,-76.0990,Barred Fruiteater,Pipreola arcuata,brown,female,adult
433095461,Allison Miller,Colombia,Caldas,Hacienda El Bosque,2022-03-25,5.0247,-75.3695,Barred Fruiteater,Pipreola arcuata,brown,male,adult
417576021,Per Smith,Colombia,Caldas,Hacienda El Bosque,2021-12-01,5.0247,-75.3695,Barred Fruiteater,Pipreola arcuata,brown,female,adult
401063991,Diego Calderón-Franco @diegoCOLbirding,Colombia,Caldas,Hacienda El Bosque,2021-08-07,5.0247,-75.3695,Barred Fruiteater,Pipreola arcuata,brown,male,adult
397770901,Jay Withgott,Ecuador,Zamora-Chinchipe,Reserva Tapichalaca y Casa Simpson,2017-03-09,-4.4950,-79.1323,Barred Fruiteater,Pipreola arcuata,brown,male,adult
391137751,Lisa & Li Li,Ecuador,Loja,PN Podocarpus--Sector Cajanuma,2021-11-09,-4.1167,-79.1738,Barred Fruiteater,Pipreola arcuata,brown,male,adult
367014861,Devon Bradley,Colombia,Caldas,Hacienda El Bosque,2021-08-08,5.0247,-75.3695,Barred Fruiteater,Pipreola arcuata,brown,female,adult
278466441,David Weaver,Ecuador,Pichincha,Reserva Zuro Loma,2020-11-08,-0.0887,-78.5998,Barred Fruiteater,Pipreola arcuata,brown,male,adult
192231531,Gabriel Utria - Betoma tours,Colombia,Caldas,Hacienda El Bosque,2019-12-08,5.0247,-75.3695,Barred Fruiteater,Pipreola arcuata,brown,male,adult
142872071,Nige Hartley,Colombia,Caldas,Hacienda El Bosque,2019-02-07,5.0247,-75.3695,Barred Fruiteater,Pipreola arcuata,brown,male,adult
99532871,JOSE ITURIEL ARANGO BERMUDEZ,Colombia,Caldas,Hacienda el bosque,2018-05-05,5.0235,-75.3667,Barred Fruiteater,Pipreola arcuata,brown,male,adult
31685501,Ian Davies,Peru,Junín,Puente Carrizales,2009-11-25,-11.4908,-74.7977,Barred Fruiteater,Pipreola arcuata,brown,male,adult
43276251,Neil Wingert,Ecuador,Pichincha,Reserva Yanacocha,2016-11-13,-0.1118,-78.5847,Barred Fruiteater,Pipreola arcuata,brown,male,adult
179363131,Louis Hoeniger,Ecuador,Pichincha,Zuro Loma,2019-09-20,-0.0886,-78.6000,Barred Fruiteater,Pipreola arcuata,brown,female,adult
131176501,David Alexander Marques,Ecuador,Pichincha,Reserva Yanacocha,2018-07-17,-0.1118,-78.5847,Barred Fruiteater,Pipreola arcuata,brown,male,adult
42994701,Neil Diaz,Colombia,Cundinamarca,Mundo Nuevo,2013-09-28,4.6644,-73.8575,Barred Fruiteater,Pipreola arcuata,brown,male,adult
114644861,Timo Mitzen,Colombia,Cesar,Chamicero del Perijá Proaves Reserve,2018-08-30,10.3627,-72.9492,Barred Fruiteater,Pipreola arcuata,brown,male,adult
621385138,Fabrice Schmitt,Colombia,Caldas,Hacienda El Bosque,2024-07-06,5.0247,-75.3695,Barred Fruiteater,Pipreola arcuata,brown,male,adult
604345251,Kurt Gaskill,Colombia,Caldas,Hacienda El Bosque,2023-07-26,5.0247,-75.3695,Barred Fruiteater,Pipreola arcuata,brown,female,adult
422272891,David Zittin,Colombia,Caldas,Hacienda El Bosque,2022-02-19,5.0247,-75.3695,Barred Fruiteater,Pipreola arcuata,brown,male,adult
335919981,Travis Vance,Ecuador,Pichincha,Reserva Zuro Loma,2020-11-16,-0.0887,-78.5998,Barred Fruiteater,Pipreola arcuata,brown,female,adult
226349301,Untamed Expeditions,Colombia,Caldas,Hacienda El Bosque,2020-03-12,5.0247,-75.3695,Barred Fruiteater,Pipreola arcuata,brown,male,adult
564755631,Diana López G,Colombia,Caldas,Hacienda El Bosque,2019-09-01,5.0247,-75.3695,Barred Fruiteater,Pipreola arcuata,brown,male,adult
149086761,Tristan Jobin,Ecuador,Loja,PN Podocarpus--Sector Cajanuma,2019-03-19,-4.1167,-79.1738,Barred Fruiteater,Pipreola arcuata,brown,male,adult
97161031,John Bruin,Colombia,Cesar,Chamicero del Perijá Proaves Reserve,2018-04-08,10.3627,-72.9492,Barred Fruiteater,Pipreola arcuata,brown,male,adult
53042481,Graham Montgomery,Ecuador,Zamora-Chinchipe,Reserva Tapichalaca y Casa Simpson,2017-02-24,-4.4950,-79.1323,Barred Fruiteater,Pipreola arcuata,brown,male,adult
46762501,Sue Wright,Colombia,Cundinamarca,PNN Chingaza--Mundo Nuevo,2015-01-19,4.6334,-73.8302,Barred Fruiteater,Pipreola arcuata,brown,female,adult
204543041,Mark Sutton,Ecuador,Zamora-Chinchipe,Reserva Tapichalaca y Casa Simpson,2005-07-02,-4.4950,-79.1323,Barred Fruiteater,Pipreola arcuata,brown,male,adult
631876822,Marieta Manolova,Colombia,Caldas,Hacienda El Bosque,2025-02-24,5.0247,-75.3695,Barred Fruiteater,Pipreola arcuata,brown,male,adult
631816747,Chris Thomas,Colombia,Caldas,Hacienda El Bosque,2024-03-15,5.0247,-75.3695,Barred Fruiteater,Pipreola arcuata,brown,male,adult
631222673,David Lauter,Colombia,Caldas,Hacienda El Bosque,2025-02-14,5.0247,-75.3695,Barred Fruiteater,Pipreola arcuata,brown,male,adult
630879325,Joshua Vandermeulen,Ecuador,Zamora-Chinchipe,Reserva Tapichalaca y Casa Simpson,2025-02-17,-4.4950,-79.1323,Barred Fruiteater,Pipreola arcuata,brown,female,adult
626595586,Hans Wohlmuth,Colombia,Caldas,Hacienda El Bosque,2024-01-25,5.0247,-75.3695,Barred Fruiteater,Pipreola arcuata,brown,male,adult
626399055,Ryan Merrill,Colombia,Caldas,Hacienda El Bosque,2024-05-20,5.0247,-75.3695,Barred Fruiteater,Pipreola arcuata,brown,male,adult
626178275,Walter Sánchez,Colombia,Caldas,Hacienda El Bosque,2023-11-09,5.0247,-75.3695,Barred Fruiteater,Pipreola arcuata,brown,male,adult
626037266,Miles Tindal,Colombia,Caldas,Hacienda El Bosque,2024-01-11,5.0247,-75.3695,Barred Fruiteater,Pipreola arcuata,brown,female,adult
625647150,Steve and Cyndi Routledge,Ecuador,Zamora-Chinchipe,Reserva Tapichalaca--Sendero Jocotoco,2024-10-15,-4.4906,-79.1318,Barred Fruiteater,Pipreola arcuata,brown,male,adult
624995450,Nancy Henke,Ecuador,Zamora-Chinchipe,Reserva Tapichalaca--Sendero Jocotoco,2024-10-03,-4.4906,-79.1318,Barred Fruiteater,Pipreola arcuata,brown,male,adult
623048917,Travis Vance,Colombia,Caldas,Hacienda El Bosque,2024-07-13,5.0247,-75.3695,Barred Fruiteater,Pipreola arcuata,brown,male,adult
622658092,evonne muse,Colombia,Caldas,Hacienda El Bosque,2024-08-03,5.0247,-75.3695,Barred Fruiteater,Pipreola arcuata,brown,male,adult
621475197,Dan King,Colombia,Caldas,Hacienda El Bosque,2024-07-06,5.0247,-75.3695,Barred Fruiteater,Pipreola arcuata,brown,female,adult
621145727,Eduardo Soler,Colombia,Caldas,Hacienda El Bosque,2024-07-02,5.0247,-75.3695,Barred Fruiteater,Pipreola arcuata,brown,male,adult
620586364,Luis Carlos García Mejía,Colombia,Caldas,Hacienda El Bosque,2018-08-18,5.0247,-75.3695,Barred Fruiteater,Pipreola arcuata,brown,male,adult
620460004,Dan Waggoner,Colombia,Caldas,Hacienda El Bosque,2024-05-20,5.0247,-75.3695,Barred Fruiteater,Pipreola arcuata,brown,male,adult
619111214,Frances Oliver,Peru,Amazonas,Abra Barro Negro--Las Palmas,2024-03-25,-6.7121,-77.8526,Barred Fruiteater,Pipreola arcuata,brown,female,adult
616346515,Michael Barney,Colombia,Caldas,Hacienda El Bosque,2024-03-15,5.0247,-75.3695,Barred Fruiteater,Pipreola arcuata,brown,female,adult
615938755,Wilfrido Lucero,Ecuador,Azuay,PN Río Negro Sopladora--Acceso por Sevilla de Oro,2023-12-30,-2.8071,-78.6308,Barred Fruiteater,Pipreola arcuata,brown,female,adult
614989836,Zachary Ginn,Ecuador,Pichincha,Reserva Zuro Loma,2024-02-17,-0.0887,-78.5998,Barred Fruiteater,Pipreola arcuata,brown,male,adult
614815863,Eric Ripma,Colombia,Caldas,Hacienda El Bosque,2024-02-10,5.0247,-75.3695,Barred Fruiteater,Pipreola arcuata,brown,male,adult
614715533,Heiler Uribe,Colombia,Caldas,Hacienda El Bosque,2023-11-01,5.0247,-75.3695,Barred Fruiteater,Pipreola arcuata,brown,male,adult
613945324,Neil Robertson,Colombia,Caldas,Hacienda El Bosque,2024-01-05,5.0247,-75.3695,Barred Fruiteater,Pipreola arcuata,brown,male,adult
612762623,Stephen Fettig,Colombia,Caldas,"Colombia Caldas, Hacienda El Bosque, comedero lugar 2",2022-08-22,5.0220,-75.3668,Barred Fruiteater,Pipreola arcuata,brown,male,adult
612699796,Matthew Douglas Gable,Colombia,Caldas,Hacienda El Bosque,2023-11-11,5.0247,-75.3695,Barred Fruiteater,Pipreola arcuata,brown,male,adult
612425829,Luis Alberto Calapi Altaña,Ecuador,Carchi,PAILÓN-CORTADERA,2023-12-16,0.8196,-78.0938,Barred Fruiteater,Pipreola arcuata,brown,female,adult
611934509,David Spencer,Ecuador,Pichincha,Reserva Zuro Loma,2023-11-12,-0.0887,-78.5998,Barred Fruiteater,Pipreola arcuata,brown,male,adult
611475331,Nick Bray,Ecuador,Zamora-Chinchipe,Reserva Tapichalaca y Casa Simpson,2023-09-15,-4.4950,-79.1323,Barred Fruiteater,Pipreola arcuata,brown,male,adult
611100465,Benjamin Van Doren,Colombia,Caldas,Hacienda El Bosque,2023-11-12,5.0247,-75.3695,Barred Fruiteater,Pipreola arcuata,brown,male,adult
610149072,Nancy Henke,Ecuador,Zamora-Chinchipe,"IV Eje vial, Chinchipe EC-Zamora Chinchipe -4.49185, -79.13478",2023-10-05,-4.4919,-79.1348,Barred Fruiteater,Pipreola arcuata,brown,female,adult
609339430,Cheryl Rosenfeld,Colombia,Caldas,Hacienda El Bosque,2023-09-14,5.0247,-75.3695,Barred Fruiteater,Pipreola arcuata,brown,female,adult
609169766,Andreas Krohn,Colombia,Caldas,Hacienda El Bosque,2023-09-05,5.0247,-75.3695,Barred Fruiteater,Pipreola arcuata,brown,female,adult
606903131,Timothy White,Colombia,Caldas,Hacienda El Bosque,2023-08-14,5.0247,-75.3695,Barred Fruiteater,Pipreola arcuata,brown,male,adult
603178431,Kathryn (Kassy) Mattingly,Colombia,Caldas,Hacienda El Bosque,2023-07-29,5.0247,-75.3695,Barred Fruiteater,Pipreola arcuata,brown,male,adult
597769041,Juan Lopez (www.juanlopezbirdtours.com),Colombia,Caldas,Hacienda El Bosque,2023-07-26,5.0247,-75.3695,Barred Fruiteater,Pipreola arcuata,brown,female,adult
560246901,Rob Jansen - RobJansenphotography.com,Colombia,Caldas,"IP - Cambao Manizales, Caldas, CO (5,023, -75,365)",2023-03-20,5.0234,-75.3651,Barred Fruiteater,Pipreola arcuata,brown,female,adult
558836301,John Cassady,Ecuador,Zamora-Chinchipe,Reserva Tapichalaca y Casa Simpson,2023-02-18,-4.4950,-79.1323,Barred Fruiteater,Pipreola arcuata,brown,male,adult
554739271,Mario Abaunsa Garzon,Colombia,Meta,Vereda Monterredondo,2023-04-07,4.3213,-73.7728,Barred Fruiteater,Pipreola arcuata,brown,male,adult
549466571,Randy Arsenault,Ecuador,Pichincha,Reserva Zuro Loma,2023-03-03,-0.0887,-78.5998,Barred Fruiteater,Pipreola arcuata,brown,male,adult
527535451,James Petersen,Ecuador,Pichincha,Reserva Zuro Loma,2023-01-12,-0.0887,-78.5998,Barred Fruiteater,Pipreola arcuata,brown,male,adult
496860921,Mario Córdoba H.,Ecuador,Zamora-Chinchipe,Reserva Tapichalaca y Casa Simpson,2022-10-17,-4.4950,-79.1323,Barred Fruiteater,Pipreola arcuata,brown,female,adult
484009531,Trevor Ellery,Colombia,Caldas,Hacienda El Bosque,2018-11-04,5.0247,-75.3695,Barred Fruiteater,Pipreola arcuata,brown,male,adult
482751381,Nestor Monsalve (@birds.nestor),Colombia,Caldas,Hacienda El Bosque,2022-01-21,5.0247,-75.3695,Barred Fruiteater,Pipreola arcuata,brown,female,adult
477311471,Michael Mosebo Jensen,Peru,Amazonas,Trocha Cresta de San Lorenzo,2022-07-17,-5.8102,-78.0210,Barred Fruiteater,Pipreola arcuata,brown,male,adult
477109861,Stefan Hirsch,Ecuador,Pichincha,Reserva Zuro Loma,2022-01-15,-0.0887,-78.5998,Barred Fruiteater,Pipreola arcuata,brown,male,adult
475473091,Nancy Houlihan,Ecuador,Zamora-Chinchipe,Reserva Tapichalaca y Casa Simpson,2021-11-11,-4.4950,-79.1323,Barred Fruiteater,Pipreola arcuata,brown,female,adult
468957921,Miles Hemstrom,Colombia,Caldas,Hacienda El Bosque,2022-07-02,5.0247,-75.3695,Barred Fruiteater,Pipreola arcuata,brown,female,adult
466606571,Agustin Carrasco,Ecuador,Loja,"Cajanuma, Parque Nacional Podocarpus",2015-10-23,-4.1232,-79.1798,Barred Fruiteater,Pipreola arcuata,brown,female,adult
465720021,Jenn Sinasac,Colombia,Caldas,Hacienda El Bosque,2022-06-13,5.0247,-75.3695,Barred Fruiteater,Pipreola arcuata,brown,male,adult
464471411,Francesco Veronesi,Ecuador,Zamora-Chinchipe,PN Podocarpus--Sector Río Bombuscaro,2011-08-09,-4.1082,-78.9639,Barred Fruiteater,Pipreola arcuata,brown,female,adult
463366841,Guillermo  Saborío Vega,Colombia,Caldas,Hacienda El Bosque,2022-05-24,5.0247,-75.3695,Barred Fruiteater,Pipreola arcuata,brown,male,adult
462919621,Kasper R. Berg,Ecuador,Pichincha,Reserva Yanacocha,2021-06-25,-0.1118,-78.5847,Barred Fruiteater,Pipreola arcuata,brown,female,adult
431595991,Jo Hofmann,Ecuador,Pichincha,Reserva Zuro Loma,2022-01-23,-0.0887,-78.5998,Barred Fruiteater,Pipreola arcuata,brown,male,adult
427097201,Bill Telfair,Ecuador,Pichincha,Reserva Zuro Loma,2022-02-26,-0.0887,-78.5998,Barred Fruiteater,Pipreola arcuata,brown,male,adult
426149691,John Rogers,Ecuador,Pichincha,Reserva Zuro Loma,2022-01-17,-0.0887,-78.5998,Barred Fruiteater,Pipreola arcuata,brown,male,adult
235784401,Kárlom Herrera-Peralta,Peru,Lambayeque,Comunidad Campesina Cañaris,2013-09-30,-6.0921,-79.2820,Barred Fruiteater,Pipreola arcuata,brown,female,adult
265072381,Jurgen Beckers,Colombia,Tolima,Rd Roncesvalles - Buga,2013-04-25,4.0334,-75.7097,Barred Fruiteater,Pipreola arcuata,brown,female,adult
153543901,Stefan Hirsch,Ecuador,Pichincha,Reserva Yanacocha,2016-08-27,-0.1118,-78.5847,Barred Fruiteater,Pipreola arcuata,brown,male,adult
630944382,Brandon Nidiffer,Peru,Amazonas,Trocha Cresta de San Lorenzo,2024-09-06,-5.8102,-78.0210,Barred Fruiteater,Pipreola arcuata,brown,male,adult
627353952,Holger Teichmann,Peru,Amazonas,Abra Barro Negro--Las Palmas,2024-10-31,-6.7121,-77.8526,Barred Fruiteater,Pipreola arcuata,brown,male,adult
626680939,Esteban Poveda,Ecuador,Tungurahua,Sendero Platuquiral - La Carbonería,2024-11-01,-1.3419,-78.4547,Barred Fruiteater,Pipreola arcuata,brown,male,adult
614823569,Simon and Jill Warwick,Ecuador,Pichincha,Zuro Loma reserve,2024-02-08,-0.0678,-78.5961,Barred Fruiteater,Pipreola arcuata,brown,female,adult
608410621,Don Roberson,Colombia,Caldas,Hacienda El Bosque,2023-07-07,5.0247,-75.3695,Barred Fruiteater,Pipreola arcuata,brown,male,adult
601712891,Kevin Wilson,Ecuador,Pichincha,Reserva Zuro Loma,2023-06-10,-0.0887,-78.5998,Barred Fruiteater,Pipreola arcuata,brown,male,adult
581030361,Raymond  Dan,Colombia,Caldas,Bosque,2019-05-14,5.0247,-75.3695,Barred Fruiteater,Pipreola arcuata,brown,male,adult
488039431,Gary Rosenberg,Ecuador,Zamora-Chinchipe,Reserva Tapichalaca y Casa Simpson,2009-02-26,-4.4950,-79.1323,Barred Fruiteater,Pipreola arcuata,brown,female,adult
479262911,Debbie Metler,Colombia,Caldas,Hacienda El Bosque,2022-08-12,5.0247,-75.3695,Barred Fruiteater,Pipreola arcuata,brown,male,adult
465834601,Russ Morgan,Ecuador,Pichincha,Zuro Loma - Yanacocha,2022-06-28,-0.1060,-78.5858,Barred Fruiteater,Pipreola arcuata,brown,male,adult
402616531,Fabio Olmos,Ecuador,Zamora-Chinchipe,Reserva Tapichalaca y Casa Simpson,2021-12-23,-4.4950,-79.1323,Barred Fruiteater,Pipreola arcuata,brown,male,adult
347741011,Geert Spanoghe,Colombia,Putumayo,Paramo Bordoncillo,2017-08-17,1.1518,-77.0984,Barred Fruiteater,Pipreola arcuata,brown,male,adult
344768331,Miguel Aguilar @birdnomad,Ecuador,Pichincha,Reserva Zuro Loma,2021-01-22,-0.0887,-78.5998,Barred Fruiteater,Pipreola arcuata,brown,male,adult
340752661,William Price,Colombia,Caldas,Parque Nacional Natural Los Nevados,2020-01-23,5.0247,-75.3696,Barred Fruiteater,Pipreola arcuata,brown,female,adult
326450721,Josep del Hoyo,Ecuador,Pichincha,"Yanacocha Reserve (-0.2122, -78.6175)",2005-02-04,-0.2122,-78.6175,Barred Fruiteater,Pipreola arcuata,brown,male,adult
292809811,David Weaver,Ecuador,Pichincha,"Reserva Geobotánica Pululahua (Upper part, >2000m)",2016-02-20,0.0225,-78.5023,Barred Fruiteater,Pipreola arcuata,brown,male,adult
290947051,Max Benningfield,Ecuador,Pichincha,Reserva Yanacocha,2017-12-18,-0.1118,-78.5847,Barred Fruiteater,Pipreola arcuata,brown,female,adult
290731351,David Weaver,Ecuador,Pichincha,Reserva Zuro Loma,2020-12-24,-0.0887,-78.5998,Barred Fruiteater,Pipreola arcuata,brown,female,adult
282680791,Barefoot Unschooling,Colombia,Caldas,Hacienda El Bosque,2020-11-07,5.0247,-75.3695,Barred Fruiteater,Pipreola arcuata,brown,male,adult
211170371,Joachim Bertrands | Ornis Birding Expeditions,Colombia,Caldas,Hacienda El Bosque,2019-12-08,5.0247,-75.3695,Barred Fruiteater,Pipreola arcuata,brown,male,adult
197822061,Peter Zika,Colombia,Caldas,Hacienda El Bosque,2019-11-26,5.0247,-75.3695,Barred Fruiteater,Pipreola arcuata,brown,male,adult
195416931,Daniel Branch,Colombia,Caldas,Hacienda El Bosque,2019-11-29,5.0247,-75.3695,Barred Fruiteater,Pipreola arcuata,brown,male,adult
192806761,Jim Hoover,Colombia,Caldas,Hacienda El Bosque,2019-07-31,5.0247,-75.3695,Barred Fruiteater,Pipreola arcuata,brown,female,adult
187142451,Nick Athanas,Colombia,Cundinamarca,PNN Chingaza--Brown-throated Parakeet nesting area,2010-02-23,4.6507,-73.8379,Barred Fruiteater,Pipreola arcuata,brown,male,adult
138453711,Fabrice Schmitt,Colombia,Caldas,Hacienda El Bosque,2019-01-19,5.0247,-75.3695,Barred Fruiteater,Pipreola arcuata,brown,male,adult
125671731,Marshall Iliff,Peru,Huánuco,Carpish Tunnel (Valqui D5.1),2013-06-23,-9.7198,-76.0990,Barred Fruiteater,Pipreola arcuata,brown,male,adult
61448201,Bill Maynard,Colombia,Cundinamarca,La Vega (pueblo y vecindad),2011-09-28,5.0029,-74.3417,Barred Fruiteater,Pipreola arcuata,brown,male,adult
468957941,Jenny Flexman,Colombia,Caldas,Hacienda El Bosque,2022-07-19,5.0247,-75.3695,Barred Fruiteater,Pipreola arcuata,brown,male,adult
621084662,Leah Turner,Ecuador,Pichincha,Reserva Zuro Loma,2024-06-22,-0.0887,-78.5998,Barred Fruiteater,Pipreola arcuata,brown,male,adult
22630521,Ross Gallardy,Peru,Junín,Puente Carrizales,2015-06-05,-11.5093,-74.8600,Barred Fruiteater,Pipreola arcuata,brown,male,adult
37463621,Jason Leifester,Peru,Amazonas,Abra Barro Negro--Las Palmas,2016-10-02,-6.7121,-77.8526,Barred Fruiteater,Pipreola arcuata,brown,male,adult
632426171,bob butler,Colombia,Caldas,Hacienda El Bosque,2024-12-14,5.0247,-75.3695,Barred Fruiteater,Pipreola arcuata,brown,male,adult
631476749,Corey Leamy,Colombia,Caldas,Hacienda El Bosque,2025-02-11,5.0247,-75.3695,Barred Fruiteater,Pipreola arcuata,brown,male,adult
630728447,John Anderson,Colombia,Caldas,Hacienda El Bosque,2025-01-17,5.0247,-75.3695,Barred Fruiteater,Pipreola arcuata,brown,male,adult
626610638,Jorge Claudio Schlemmer,Peru,Amazonas,Trocha Cresta de San Lorenzo,2024-07-14,-5.8102,-78.0210,Barred Fruiteater,Pipreola arcuata,brown,female,adult
616460121,Peter Blancher,Peru,Amazonas,Abra Barro Negro--Las Palmas,2024-03-24,-6.7121,-77.8526,Barred Fruiteater,Pipreola arcuata,brown,female,adult
554015681,William Hull,Ecuador,Zamora-Chinchipe,Reserva Tapichalaca y Casa Simpson,2023-03-16,-4.4950,-79.1323,Barred Fruiteater,Pipreola arcuata,brown,male,adult
552190041,William Hull,Ecuador,Zamora-Chinchipe,Reserva Tapichalaca y Casa Simpson,2023-03-13,-4.4950,-79.1323,Barred Fruiteater,Pipreola arcuata,brown,female,adult
551042851,William Hull,Ecuador,Zamora-Chinchipe,Reserva Tapichalaca y Casa Simpson,2023-03-11,-4.4950,-79.1323,Barred Fruiteater,Pipreola arcuata,brown,male,adult
547837411,Christine Kozlosky,Colombia,Caldas,Hacienda El Bosque,2023-03-20,5.0247,-75.3695,Barred Fruiteater,Pipreola arcuata,brown,female,adult
516287021,Erik Ostrander,Colombia,Caldas,Hacienda El Bosque,2022-10-23,5.0247,-75.3695,Barred Fruiteater,Pipreola arcuata,brown,female,adult
632331164,Joshua Vandermeulen,Colombia,Caldas,Hacienda El Bosque,2025-03-18,5.0247,-75.3695,Barred Fruiteater,Pipreola arcuata,brown,male,adult
632111780,Oswaldo Cortes Bogota Birding,Colombia,Caldas,Hacienda El Bosque,2025-03-14,5.0247,-75.3695,Barred Fruiteater,Pipreola arcuata,brown,male,adult
630924985,Jeremy Dominguez,Colombia,Caldas,Hacienda El Bosque,2025-02-11,5.0247,-75.3695,Barred Fruiteater,Pipreola arcuata,brown,male,adult
630745382,Joshua Vandermeulen,Ecuador,Loja,PN Podocarpus--Sector Cajanuma,2025-02-15,-4.1167,-79.1738,Barred Fruiteater,Pipreola arcuata,brown,female,adult
630290130,Robert Leonhardt,Colombia,Caldas,Hacienda El Bosque,2025-01-17,5.0247,-75.3695,Barred Fruiteater,Pipreola arcuata,brown,male,adult
630256725,Lorna Aynbinder,Colombia,Caldas,Hacienda El Bosque,2025-01-17,5.0247,-75.3695,Barred Fruiteater,Pipreola arcuata,brown,male,adult
626749184,Iván Lau,Colombia,Caldas,Hacienda El Bosque,2024-11-13,5.0247,-75.3695,Barred Fruiteater,Pipreola arcuata,brown,male,adult
626504512,Peter Kennedy,Ecuador,Zamora-Chinchipe,Reserva Tapichalaca--Sendero Jocotoco,2024-11-05,-4.4906,-79.1318,Barred Fruiteater,Pipreola arcuata,brown,male,adult
626277855,Mats Hildeman,Ecuador,Pichincha,Reserva Zuro Loma,2024-11-02,-0.0887,-78.5998,Barred Fruiteater,Pipreola arcuata,brown,female,adult
625762506,Ezra Garfield,Colombia,Caldas,Hacienda El Bosque,2024-09-09,5.0247,-75.3695,Barred Fruiteater,Pipreola arcuata,brown,male,adult
624571893,Justin Alvarado,Colombia,Caldas,Hacienda El Bosque,2024-09-21,5.0247,-75.3695,Barred Fruiteater,Pipreola arcuata,brown,male,adult
624065205,D T,Ecuador,Pichincha,Reserva Yanacocha,2024-09-21,-0.1118,-78.5847,Barred Fruiteater,Pipreola arcuata,brown,female,adult
623051053,Ron Hoff Dollyann Myers,Peru,Huánuco,Sendero Tunel de Carpish,2024-07-15,-9.7235,-76.0975,Barred Fruiteater,Pipreola arcuata,brown,female,adult
621512417,Charlene Glacy,Colombia,Caldas,Hacienda El Bosque,2024-07-06,5.0247,-75.3695,Barred Fruiteater,Pipreola arcuata,brown,female,adult
620957753,Jim Hargrove,Colombia,Caldas,Hacienda El Bosque,2024-06-18,5.0247,-75.3695,Barred Fruiteater,Pipreola arcuata,brown,male,adult
620536440,Jaider Carrillo Tarazona @Perijá_Birding_Travel,Colombia,Cesar,Mashiramo Glamping,2024-06-07,10.3680,-72.9553,Barred Fruiteater,Pipreola arcuata,brown,male,juvenil
620416994,Juan Carlos Cano Aguilera,Colombia,Caldas,Hacienda El Bosque,2024-06-08,5.0247,-75.3695,Barred Fruiteater,Pipreola arcuata,brown,female,adult
619320882,Michael Cook,Colombia,Caldas,Hacienda El Bosque,2024-05-17,5.0247,-75.3695,Barred Fruiteater,Pipreola arcuata,brown,male,adult
615804878,Julian Valencia,Colombia,Caldas,Hacienda El Bosque,2024-03-08,5.0247,-75.3695,Barred Fruiteater,Pipreola arcuata,brown,male,adult
615414576,Lyle Hamilton,Ecuador,Pichincha,Reserva Yanacocha,2024-02-17,-0.1118,-78.5847,Barred Fruiteater,Pipreola arcuata,brown,male,adult
615252835,Jill Casperson,Colombia,Caldas,Hacienda El Bosque,2024-01-12,5.0247,-75.3695,Barred Fruiteater,Pipreola arcuata,brown,male,adult
615126541,loretta kao,Colombia,Caldas,Hacienda El Bosque,2024-01-19,5.0247,-75.3695,Barred Fruiteater,Pipreola arcuata,brown,male,adult
614596572,Fratercula Arctica,Colombia,Caldas,Hacienda El Bosque,2024-02-04,5.0247,-75.3695,Barred Fruiteater,Pipreola arcuata,brown,male,adult
614317594,Brad Murphy,Colombia,Cesar,Chamicero del Perijá Proaves Reserve,2024-01-13,10.3627,-72.9492,Barred Fruiteater,Pipreola arcuata,brown,male,adult
613882627,Michael Preston,Ecuador,Pichincha,Reserva Zuro Loma,2023-11-14,-0.0887,-78.5998,Barred Fruiteater,Pipreola arcuata,brown,male,adult
613756788,David Massie,Ecuador,Zamora-Chinchipe,Reserva Tapichalaca y Casa Simpson,2023-10-17,-4.4950,-79.1323,Barred Fruiteater,Pipreola arcuata,brown,female,adult
611182742,George Chater,Colombia,Caldas,Hacienda El Bosque,2023-11-11,5.0247,-75.3695,Barred Fruiteater,Pipreola arcuata,brown,male,adult
610329278,Lea Schellhous,Colombia,Caldas,Hacienda El Bosque,2023-10-03,5.0247,-75.3695,Barred Fruiteater,Pipreola arcuata,brown,male,adult
605365671,Kate Reed,Colombia,Caldas,Hacienda El Bosque,2023-05-31,5.0247,-75.3695,Barred Fruiteater,Pipreola arcuata,brown,male,adult
602636301,Neil Broekhuizen,Ecuador,Pichincha,Reserva Zuro Loma,2022-01-17,-0.0887,-78.5998,Barred Fruiteater,Pipreola arcuata,brown,male,adult
566470171,Berend van Baak,Ecuador,Zamora-Chinchipe,Reserva Tapichalaca y Casa Simpson,2023-02-18,-4.4950,-79.1323,Barred Fruiteater,Pipreola arcuata,brown,male,adult
545430331,Colin Dobson,Ecuador,Napo,Guango Lodge,2023-03-14,-0.3781,-78.0743,Barred Fruiteater,Pipreola arcuata,brown,female,adult
508017361,David Bailey,Ecuador,Pichincha,Reserva Zuro Loma,2022-11-21,-0.0887,-78.5998,Barred Fruiteater,Pipreola arcuata,brown,macho,adult
508017361,David Bailey,Ecuador,Pichincha,Reserva Zuro Loma,2022-11-21,-0.0887,-78.5998,Barred Fruiteater,Pipreola arcuata,brown,hembra,adult
507565111,David Weaver,Ecuador,Pichincha,"Upper Chiriboga Rd. (upper subtropical and temperate zone, >2500m)",2022-11-26,-0.2795,-78.6927,Barred Fruiteater,Pipreola arcuata,brown,male,adult
504698411,Alejandro Pinto_TanagerPhotoTours,Colombia,Caldas,Hacienda El Bosque,2022-11-15,5.0247,-75.3695,Barred Fruiteater,Pipreola arcuata,brown,male,adult
480178331,S Kanchan,Colombia,Caldas,Hacienda El Bosque,2022-08-12,5.0247,-75.3695,Barred Fruiteater,Pipreola arcuata,brown,male,adult
477368311,Benoît Segerer,Peru,San Martín,"below El Jardin, 2900-2400m",2022-07-03,-6.9733,-77.6579,Barred Fruiteater,Pipreola arcuata,brown,male,adult
473102131,Johnnier Arango | theandeanbirder.com,Colombia,Risaralda,Finca El Cortaderal,2017-08-16,4.7745,-75.4655,Barred Fruiteater,Pipreola arcuata,brown,male,adult
472174571,Joshua Vandermeulen,Peru,Huánuco,Carpish Tunnel (Valqui D5.1),2022-08-01,-9.7198,-76.0990,Barred Fruiteater,Pipreola arcuata,brown,male,adult
464065201,Christopher Sloan,Ecuador,Pichincha,Reserva Yanacocha,2014-03-07,-0.1118,-78.5847,Barred Fruiteater,Pipreola arcuata,brown,male,adult
457354701,Oliver Kell,Colombia,Caldas,Hacienda El Bosque,2022-01-29,5.0247,-75.3695,Barred Fruiteater,Pipreola arcuata,brown,male,adult
455265351,Oleg Chernyshov,Colombia,Caldas,Hacienda El Bosque,2022-02-25,5.0247,-75.3695,Barred Fruiteater,Pipreola arcuata,brown,male,adult
453635131,Kevin Scaldeferri,Ecuador,Pichincha,Reserva Zuro Loma,2022-05-12,-0.0887,-78.5998,Barred Fruiteater,Pipreola arcuata,brown,male,adult
449677261,Michael Booker,Ecuador,Loja,Cerro Toledo,2022-01-25,-4.3748,-79.1116,Barred Fruiteater,Pipreola arcuata,brown,male,adult
438047411,Matt Baumann,Ecuador,Zamora-Chinchipe,Reserva Tapichalaca y Casa Simpson,2022-04-10,-4.4950,-79.1323,Barred Fruiteater,Pipreola arcuata,brown,female,adult
438006421,Luis Alberto Salagaje Muela,Ecuador,Napo,REFUGIO 2- REFUGIO 3-PAVA YACU,2022-04-17,-0.5650,-77.6017,Barred Fruiteater,Pipreola arcuata,brown,female,adult
435420551,Sam Woods/Tropical Birding Tours,Colombia,Caldas,Hacienda El Bosque,2022-04-01,5.0247,-75.3695,Barred Fruiteater,Pipreola arcuata,brown,male,adult
431663741,Miguel Lezama - Tanager Tours,Peru,Huánuco,Carpish Tunnel (Valqui D5.1),2022-03-12,-9.7198,-76.0990,Barred Fruiteater,Pipreola arcuata,brown,female,adult
189626621,Sandra  Rairán,Colombia,Caldas,Hacienda El Bosque,2019-11-23,5.0247,-75.3695,Barred Fruiteater,Pipreola arcuata,brown,female,adult
126364531,Rob Martin,Peru,Huánuco,Carpish Tunnel (Valqui D5.1),2013-06-23,-9.7198,-76.0990,Barred Fruiteater,Pipreola arcuata,brown,male,adult
71697671,Jorge Novoa - CORBIDI,Peru,Lambayeque,Cañaris,2011-05-09,-6.0497,-79.3127,Barred Fruiteater,Pipreola arcuata,brown,female,adult
91354061,Renzo Paladines Puertas,Ecuador,Loja,PN Podocarpus--Sector Cajanuma,2018-03-24,-4.1167,-79.1738,Barred Fruiteater,Pipreola arcuata,brown,female,adult
98833101,Roger Barboza Castro,Peru,Cajamarca,Bosque de Proteccion Paigabamba,2018-05-05,-6.4123,-79.0588,Barred Fruiteater,Pipreola arcuata,brown,male,adult
623810887,Regina McNulty,Colombia,Caldas,Hacienda El Bosque,2024-09-06,5.0247,-75.3695,Barred Fruiteater,Pipreola arcuata,brown,male,adult
620905311,Peter Lewis,Colombia,Cesar,Chamicero del Perijá Proaves Reserve,2024-06-17,10.3627,-72.9492,Barred Fruiteater,Pipreola arcuata,brown,male,adult
532413561,Daniel Horton,Ecuador,Pichincha,Reserva Zuro Loma,2023-01-12,-0.0887,-78.5998,Barred Fruiteater,Pipreola arcuata,brown,male,adult
434588301,Lukas Musher,Ecuador,Zamora-Chinchipe,Reserva Tapichalaca y Casa Simpson,2022-04-06,-4.4950,-79.1323,Barred Fruiteater,Pipreola arcuata,brown,male,adult
390678911,John Bruin,Colombia,Cesar,Chamicero del Perijá Proaves Reserve,2021-11-11,10.3627,-72.9492,Barred Fruiteater,Pipreola arcuata,brown,female,adult
217325601,Jorge Bedoya,Ecuador,Pichincha,Road from San Jorge Ecolodge to Yanacocha Reserve,2020-03-12,-0.1085,-78.5619,Barred Fruiteater,Pipreola arcuata,brown,female,adult
209796061,Alan Wells,Colombia,Quindío,"Unpaved road near Alto La Linea  on Rte 40 (4.4752,-75.5608)",2020-01-19,4.4752,-75.5608,Barred Fruiteater,Pipreola arcuata,brown,male,adult
177589831,Giselle Mangini,Peru,Junín,"(-11,4873,-74,8756) selva 1",2019-08-11,-11.4873,-74.8756,Barred Fruiteater,Pipreola arcuata,brown,female,adult
149481581,Charlotte Byers,Ecuador,Loja,PN Podocarpus--Sector Cajanuma,2019-03-19,-4.1167,-79.1738,Barred Fruiteater,Pipreola arcuata,brown,male,adult
116124851,Michael Clay,Colombia,Risaralda,"4.8574,-75.5083",2018-07-09,4.8650,-75.4750,Barred Fruiteater,Pipreola arcuata,brown,male,adult
110680451,Luisa Arndt,Ecuador,Napo,Cordillera Guacamayos--Mirador y alrededores inmediatos,2018-08-12,-0.6232,-77.8397,Barred Fruiteater,Pipreola arcuata,brown,male,adult
98503051,Cesar Alvarez                        @birder_cesar,Ecuador,Tungurahua,Copete Alto,2018-05-05,-1.4371,-78.4240,Barred Fruiteater,Pipreola arcuata,brown,female,adult
90189911,Julio C. Tello - Ikam Expeditions,Peru,San Martín,Sector La Grama,2009-06-03,-6.7292,-77.6765,Barred Fruiteater,Pipreola arcuata,brown,male,adult
90154121,Julio C. Tello - Ikam Expeditions,Peru,San Martín,Campamento Laurel,2009-06-05,-6.6868,-77.6966,Barred Fruiteater,Pipreola arcuata,brown,male,adult
84214691,Rob Felix,Colombia,Cundinamarca,PNN Chingaza--Mundo Nuevo,2017-12-02,4.6334,-73.8302,Barred Fruiteater,Pipreola arcuata,brown,male,adult
65556991,Edwin Campbell - www.whitehawkbirding.com,Colombia,Caldas,Hacienda El Bosque,2017-06-16,5.0247,-75.3695,Barred Fruiteater,Pipreola arcuata,brown,male,adult
54808201,Loch Kilpatrick,Ecuador,Zamora-Chinchipe,Reserva Tapichalaca y Casa Simpson,2017-04-01,-4.4950,-79.1323,Barred Fruiteater,Pipreola arcuata,brown,male,adult
38215821,Fabrice Schmitt,Peru,San Martín,El Jardin,2016-10-03,-6.9572,-77.6850,Barred Fruiteater,Pipreola arcuata,brown,female,adult
25937251,Kevin Groeneweg,Colombia,Cundinamarca,"4.7111x-73.8601 - Feb 29, 2016, 7:18 AM",2016-02-29,4.7111,-73.8601,Barred Fruiteater,Pipreola arcuata,brown,male,adult
80505951,Libby Megna,Ecuador,Pichincha,Reserva Yanacocha,2018-01-01,-0.1118,-78.5847,Barred Fruiteater,Pipreola arcuata,brown,male,adult
614445724,Vinicio Escudero,Ecuador,Zamora-Chinchipe,Reserva Tapichalaca y Casa Simpson,2022-09-28,-4.4950,-79.1323,Barred Fruiteater,Pipreola arcuata,brown,female,adult
389043681,Larry Therrien,Ecuador,Zamora-Chinchipe,Reserva Tapachlaca,2021-11-12,-4.4912,-79.1355,Barred Fruiteater,Pipreola arcuata,brown,male,adult
361896931,Jeremiah Trimble,Peru,Huánuco,Carpish Tunnel (Valqui D5.1),2013-07-02,-9.7198,-76.0990,Barred Fruiteater,Pipreola arcuata,brown,male,adult
266002901,Juan Sánchez,Colombia,Risaralda,PNN Los Nevado--Peñas Blancas,2020-09-22,4.7332,-75.4632,Barred Fruiteater,Pipreola arcuata,brown,male,adult
182342661,Peter Kennedy,Colombia,Caldas,Hacienda El Bosque,2019-08-30,5.0247,-75.3695,Barred Fruiteater,Pipreola arcuata,brown,male,adult
119963801,Diana López G,Colombia,Caldas,Hacienda El Bosque,2018-10-20,5.0247,-75.3695,Barred Fruiteater,Pipreola arcuata,brown,male,adult
617063086,Peter Blancher,Peru,Amazonas,Abra Barro Negro--Las Palmas,2024-03-25,-6.7121,-77.8526,Barred Fruiteater,Pipreola arcuata,brown,female,adult
103501491,Alexis Lamek,Ecuador,Napo,Guango Lodge,2018-05-27,-0.3781,-78.0743,Barred Fruiteater,Pipreola arcuata,brown,male,adult
86159371,David Weaver,Ecuador,Napo,Guango Lodge,2018-02-12,-0.3781,-78.0743,Barred Fruiteater,Pipreola arcuata,brown,female,adult
630496518,Roger Lambert,Colombia,Caldas,Hacienda El Bosque,2025-01-29,5.0247,-75.3695,Barred Fruiteater,Pipreola arcuata,brown,male,adult
629056459,Mark Price,Colombia,Caldas,Hacienda El Bosque,2025-01-08,5.0247,-75.3695,Barred Fruiteater,Pipreola arcuata,brown,male,adult
628504091,Andre Moncrieff,Colombia,Caldas,Hacienda El Bosque,2024-12-20,5.0247,-75.3695,Barred Fruiteater,Pipreola arcuata,brown,male,adult
625522427,Jamie Adams,Colombia,Caldas,Hacienda El Bosque,2024-08-19,5.0247,-75.3695,Barred Fruiteater,Pipreola arcuata,brown,female,adult
623065665,Jus Pérez Martín,Colombia,Caldas,Hacienda El Bosque,2024-08-08,5.0247,-75.3695,Barred Fruiteater,Pipreola arcuata,brown,male,adult
618549952,Richard Thunen,Colombia,Caldas,Hacienda El Bosque,2024-04-15,5.0247,-75.3695,Barred Fruiteater,Pipreola arcuata,brown,male,adult
616358141,Rafael Campos-Ramírez,Ecuador,Zamora-Chinchipe,Reserva Tapichalaca--Sendero Jocotoco,2024-03-22,-4.4906,-79.1318,Barred Fruiteater,Pipreola arcuata,brown,male,adult
616144109,Jens Thalund,Peru,Huánuco,Carpish Tunnel (Valqui D5.1),2011-09-10,-9.7198,-76.0990,Barred Fruiteater,Pipreola arcuata,brown,female,adult
615560725,Katrina Moilanen,Ecuador,Pichincha,Reserva Yanacocha,2024-02-17,-0.1118,-78.5847,Barred Fruiteater,Pipreola arcuata,brown,male,adult
615416353,Christophe Illemassene,Colombia,Caldas,Hacienda El Bosque,2022-08-16,5.0247,-75.3695,Barred Fruiteater,Pipreola arcuata,brown,male,adult
615393882,Jildert Hijlkema,Ecuador,Zamora-Chinchipe,Reserva Tapichalaca y Casa Simpson,2023-07-20,-4.4950,-79.1323,Barred Fruiteater,Pipreola arcuata,brown,female,adult
614538279,Laura Wilson,Colombia,Caldas,Hacienda El Bosque,2024-01-28,5.0247,-75.3695,Barred Fruiteater,Pipreola arcuata,brown,male,adult
614351962,Stephen Menzie,Ecuador,Napo,Guango Lodge,2024-01-06,-0.3781,-78.0743,Barred Fruiteater,Pipreola arcuata,brown,female,adult
613798827,Joyce Brady,Ecuador,Pichincha,Reserva Yanacocha,2019-11-05,-0.1118,-78.5847,Barred Fruiteater,Pipreola arcuata,brown,male,adult
613388322,Hector Cadena,Ecuador,Azuay,PN Río Negro Sopladora--Acceso por Sevilla de Oro,2023-12-30,-2.8071,-78.6308,Barred Fruiteater,Pipreola arcuata,brown,male,adult
613291720,Manuel y Juanita Franco Angel,Colombia,Caldas,Hacienda El Bosque,2024-01-06,5.0247,-75.3695,Barred Fruiteater,Pipreola arcuata,brown,male,adult
611970356,Amelia Preston,Ecuador,Pichincha,Reserva Zuro Loma,2023-11-14,-0.0887,-78.5998,Barred Fruiteater,Pipreola arcuata,brown,male,adult
611146464,Katie Henderson,Colombia,Caldas,Hacienda El Bosque,2023-10-22,5.0247,-75.3695,Barred Fruiteater,Pipreola arcuata,brown,male,adult
610383659,Larry Schmahl,Ecuador,Napo,Guango Lodge,2023-09-29,-0.3781,-78.0743,Barred Fruiteater,Pipreola arcuata,brown,male,adult
610003806,Kathrynne & Paul Baumtrog,Ecuador,Zamora-Chinchipe,"IV Eje vial, Chinchipe EC-Zamora Chinchipe -4.49185, -79.13478",2023-10-05,-4.4919,-79.1348,Barred Fruiteater,Pipreola arcuata,brown,male,adult
608102891,Marcelo Quipo,Ecuador,Zamora-Chinchipe,Reserva Tapichalaca y Casa Simpson,2023-08-25,-4.4950,-79.1323,Barred Fruiteater,Pipreola arcuata,brown,male,adult
601595881,John Cassady,Colombia,Cesar,Chamicero del Perijá Proaves Reserve,2023-07-25,10.3627,-72.9492,Barred Fruiteater,Pipreola arcuata,brown,female,adult
588539561,Bruce Kronmiller,Colombia,Caldas,Hacienda El Bosque,2023-06-17,5.0247,-75.3695,Barred Fruiteater,Pipreola arcuata,brown,male,adult
579769561,Dan Dotson,Ecuador,Zamora-Chinchipe,Reserva Tapichalaca y Casa Simpson,2022-08-27,-4.4950,-79.1323,Barred Fruiteater,Pipreola arcuata,brown,male,adult
572193271,Milton Galvis,Colombia,Cundinamarca,PNN Chingaza--Entrada Piedras Gordas,2023-05-13,4.7369,-73.8424,Barred Fruiteater,Pipreola arcuata,brown,male,adult
555073281,David Weaver,Ecuador,Pichincha,"Upper Chiriboga Rd. (upper subtropical and temperate zone, >2500m)",2023-04-08,-0.2795,-78.6927,Barred Fruiteater,Pipreola arcuata,brown,male,adult
554323601,Colby Neuman,Colombia,Cesar,"Vía Sabana Rubia, CO (10.362, -72.941)",2023-03-31,10.3622,-72.9407,Barred Fruiteater,Pipreola arcuata,brown,male,adult
551710871,Geert Bouke Kortleve,Colombia,Caldas,Hacienda El Bosque,2023-03-13,5.0247,-75.3695,Barred Fruiteater,Pipreola arcuata,brown,male,adult
547222951,Monte Neate-Clegg,Ecuador,Zamora-Chinchipe,Reserva Tapichalaca y Casa Simpson,2023-03-06,-4.4950,-79.1323,Barred Fruiteater,Pipreola arcuata,brown,male,adult
545060251,Sam Zhang,Ecuador,Napo,Guango Lodge,2023-02-02,-0.3781,-78.0743,Barred Fruiteater,Pipreola arcuata,brown,female,adult
541156491,Sue Flecker,Colombia,Caldas,Hacienda El Bosque,2023-02-14,5.0247,-75.3695,Barred Fruiteater,Pipreola arcuata,brown,male,adult
539957401,Cameron Piper,Colombia,Caldas,Hacienda El Bosque,2023-02-14,5.0247,-75.3695,Barred Fruiteater,Pipreola arcuata,brown,male,adult
535067581,Jorge García Mora,Colombia,Caldas,Hacienda El Bosque,2022-08-19,5.0247,-75.3695,Barred Fruiteater,Pipreola arcuata,brown,female,adult
516985781,Braydon Luikart,Ecuador,Zamora-Chinchipe,Reserva Tapichalaca y Casa Simpson,2022-12-11,-4.4950,-79.1323,Barred Fruiteater,Pipreola arcuata,brown,male,adult
483668071,Erik Atwell,Ecuador,Pichincha,Reserva Yanacocha,2022-01-19,-0.1118,-78.5847,Barred Fruiteater,Pipreola arcuata,brown,male,adult
482203021,Gustavo Rojas,Colombia,Caldas,Hacienda El Bosque,2022-05-24,5.0247,-75.3695,Barred Fruiteater,Pipreola arcuata,brown,male,adult
478977951,Sarah M,Colombia,Caldas,Hacienda El Bosque,2022-01-29,5.0247,-75.3695,Barred Fruiteater,Pipreola arcuata,brown,male,adult
465116831,Hugo Foxonet,Ecuador,Zamora-Chinchipe,Reserva Tapichalaca y Casa Simpson,2022-01-24,-4.4950,-79.1323,Barred Fruiteater,Pipreola arcuata,brown,male,adult
455750281,Brad Murphy,Ecuador,Pichincha,Reserva Zuro Loma,2022-05-16,-0.0887,-78.5998,Barred Fruiteater,Pipreola arcuata,brown,male,adult
451060441,Carmen  Andrade,Ecuador,Pichincha,Reserva Geobotánica Pululahua--general area,2022-05-14,0.0404,-78.5029,Barred Fruiteater,Pipreola arcuata,brown,male,adult
449780331,Ayde Solarte,Colombia,Caldas,Hacienda El Bosque,2022-05-10,5.0247,-75.3695,Barred Fruiteater,Pipreola arcuata,brown,female,adult
425177781,Antonio García Bravo - CORBIDI,Peru,Piura,"Choro Blanco-5.13770, -79.40358",2022-03-11,-5.1377,-79.4036,Barred Fruiteater,Pipreola arcuata,brown,male,adult
423064131,Megan Berg,Colombia,Caldas,Hacienda El Bosque,2022-02-23,5.0247,-75.3695,Barred Fruiteater,Pipreola arcuata,brown,female,adult
420525851,Gary Rosenberg,Ecuador,Loja,Reserva Huashapamba and Acacana area,2017-11-15,-3.6649,-79.2631,Barred Fruiteater,Pipreola arcuata,brown,female,adult
413524201,Richard Dunn,Ecuador,Pichincha,Reserva Yanacocha,2012-05-27,-0.1118,-78.5847,Barred Fruiteater,Pipreola arcuata,brown,male,adult
408511931,Tony Ford,Ecuador,Napo,Guango Lodge,2022-01-21,-0.3781,-78.0743,Barred Fruiteater,Pipreola arcuata,brown,hembra,adult
408511931,Tony Ford,Ecuador,Napo,Guango Lodge,2022-01-21,-0.3781,-78.0743,Barred Fruiteater,Pipreola arcuata,brown,macho,adult
404481121,Marcin Sołowiej,Ecuador,Zamora-Chinchipe,"IV Eje vial, Chinchipe EC-Zamora Chinchipe -4.49146, -79.13501",2021-10-13,-4.4915,-79.1350,Barred Fruiteater,Pipreola arcuata,brown,male,adult
399497191,Matt Wood,Colombia,Caldas,Hacienda El Bosque,2021-12-01,5.0247,-75.3695,Barred Fruiteater,Pipreola arcuata,brown,male,adult
394687011,Brandon Best,Ecuador,Pichincha,Reserva Yanacocha,2018-10-15,-0.1118,-78.5847,Barred Fruiteater,Pipreola arcuata,brown,male,adult
392100511,Frank Murphy,Ecuador,Loja,PN Podocarpus--Sector Cajanuma,2021-11-09,-4.1167,-79.1738,Barred Fruiteater,Pipreola arcuata,brown,male,adult
391226861,ANDRES FELIPE GIL ZAPATA,Colombia,Caldas,Reserva Ecológica Río Blanco--Lodge,2021-11-25,5.0732,-75.4379,Barred Fruiteater,Pipreola arcuata,brown,male,adult
388758931,Juan Fernando Gomez Castro,Colombia,Caldas,Hacienda El Bosque,2021-11-12,5.0247,-75.3695,Barred Fruiteater,Pipreola arcuata,brown,female,adult
359904671,D HARVEY,Ecuador,Pichincha,Reserva Yanacocha,2018-10-31,-0.1118,-78.5847,Barred Fruiteater,Pipreola arcuata,brown,male,adult
332879991,Ángel Dolón,Ecuador,Zamora-Chinchipe,PN Podocarpus--Sector Río Bombuscaro,2017-10-15,-4.1082,-78.9639,Barred Fruiteater,Pipreola arcuata,brown,male,adult
296064521,Craig Swolgaard,Colombia,Putumayo,Páramo Bordoncillo,2016-02-11,1.1504,-77.0957,Barred Fruiteater,Pipreola arcuata,brown,male,adult
288894741,Michel Mifsud,Ecuador,Pichincha,reserve yanacocha,2016-01-21,-0.1139,-78.5838,Barred Fruiteater,Pipreola arcuata,brown,male,adult
267491011,Maria Jose Lou,Colombia,Caldas,Hacienda El Bosque,2020-03-10,5.0247,-75.3695,Barred Fruiteater,Pipreola arcuata,brown,male,adult
263756351,Christian  Nunes,Peru,Huánuco,Bosque Unchog (Valqui D5.3),2009-12-12,-9.7373,-76.1698,Barred Fruiteater,Pipreola arcuata,brown,male,adult
259566351,Luis Curillo,Ecuador,Chimborazo,"El Descanso -2,002, -78,918",2020-08-30,-2.0024,-78.9181,Barred Fruiteater,Pipreola arcuata,brown,female,adult
259463121,Ibeth Alarcón,Ecuador,Chimborazo,"Vía Cochaseca, Comunidad San José del Pajón -1,997, -78,896",2020-08-29,-1.9970,-78.8962,Barred Fruiteater,Pipreola arcuata,brown,male,adult
233498901,Rebecca Hardman,Ecuador,Cañar,Mazar Wildlife Refuge,2016-05-23,-2.5446,-78.6681,Barred Fruiteater,Pipreola arcuata,brown,female,adult
207381981,Albeiro Erazo Farfán,Colombia,Caldas,Hacienda El Bosque,2019-11-10,5.0247,-75.3695,Barred Fruiteater,Pipreola arcuata,brown,female,adult
202695611,César María Aguilar Gómez,Peru,San Martín,Laguna de los Condores/Laguna de las Momias,2019-11-04,-6.8484,-77.7001,Barred Fruiteater,Pipreola arcuata,brown,male,adult
189641361,Ray Wershler,Peru,Amazonas,ACP Abra Patricia--Owlet Lodge,2019-10-24,-5.6960,-77.8115,Barred Fruiteater,Pipreola arcuata,brown,female,adult
178346891,Cesar Alvarez                        @birder_cesar,Ecuador,Pichincha,Reserva Zuro Loma,2019-09-15,-0.0887,-78.5998,Barred Fruiteater,Pipreola arcuata,brown,male,adult
177434681,John Erik Quintero Nova,Colombia,Cundinamarca,Mundo nuevo,2019-09-14,4.6637,-73.8654,Barred Fruiteater,Pipreola arcuata,brown,female,adult
168864641,Valerie Gebert,Ecuador,Pichincha,Reserva Yanacocha,2019-07-07,-0.1118,-78.5847,Barred Fruiteater,Pipreola arcuata,brown,female,adult
152595231,Germán Gil,Colombia,Caldas,Hacienda El Bosque,2018-11-03,5.0247,-75.3695,Barred Fruiteater,Pipreola arcuata,brown,male,adult
133214371,Rob Felix,Colombia,Caldas,Hacienda El Bosque,2018-12-02,5.0247,-75.3695,Barred Fruiteater,Pipreola arcuata,brown,male,adult
87302481,William Marengo,Ecuador,Loja,Cerro Acacana and road to radio towers,2018-02-22,-3.6809,-79.2384,Barred Fruiteater,Pipreola arcuata,brown,male,adult
620651500,Robert Lambeck,Ecuador,Loja,PN Podocarpus--Sector Cajanuma,2023-11-29,-4.1167,-79.1738,Barred Fruiteater,Pipreola arcuata,brown,male,adult
619632754,Brian Healy,Colombia,Caldas,Hacienda El Bosque,2024-04-02,5.0247,-75.3695,Barred Fruiteater,Pipreola arcuata,brown,male,adult
614972171,RJ Baltierra,Peru,Huánuco,Bosque Unchog (Valqui D5.3),2023-11-13,-9.7373,-76.1698,Barred Fruiteater,Pipreola arcuata,brown,male,adult
614075420,Daniel Lebbin,Ecuador,Zamora-Chinchipe,Reserva Tapichalaca y Casa Simpson,2024-01-25,-4.4950,-79.1323,Barred Fruiteater,Pipreola arcuata,brown,female,adult
608442323,Dixie Sommers,Ecuador,Zamora-Chinchipe,Reserva Tapichalaca y Casa Simpson,2023-08-26,-4.4950,-79.1323,Barred Fruiteater,Pipreola arcuata,brown,male,adult
604703621,Richard Hall,Colombia,Caldas,Hacienda El Bosque,2023-08-04,5.0247,-75.3695,Barred Fruiteater,Pipreola arcuata,brown,male,adult
539486701,Martine Stolk,Colombia,Caldas,Hacienda El Bosque,2023-02-04,5.0247,-75.3695,Barred Fruiteater,Pipreola arcuata,brown,female,adult
488321081,Lasse Olsson,Ecuador,Pichincha,Reserva Yanacocha,2022-07-01,-0.1118,-78.5847,Barred Fruiteater,Pipreola arcuata,brown,female,adult
485626651,Peter Hawrylyshyn,Colombia,Caldas,Hacienda El Bosque,2022-09-07,5.0247,-75.3695,Barred Fruiteater,Pipreola arcuata,brown,female,adult
475317971,Steve Kelling,Colombia,Caldas,Hacienda El Bosque,2019-02-05,5.0247,-75.3695,Barred Fruiteater,Pipreola arcuata,brown,male,adult
469092671,Andrés Martínez D,Colombia,Caldas,Hacienda El Bosque,2022-07-15,5.0247,-75.3695,Barred Fruiteater,Pipreola arcuata,brown,male,adult
422748241,Jana Lagan,Colombia,Caldas,Hacienda El Bosque,2022-02-23,5.0247,-75.3695,Barred Fruiteater,Pipreola arcuata,brown,female,adult
379627681,Christoph Moning,Ecuador,Napo,Guango Lodge,2021-08-22,-0.3781,-78.0743,Barred Fruiteater,Pipreola arcuata,brown,female,adult
362711891,Danilo Góngora,Colombia,Caldas,Hacienda El Bosque,2021-08-16,5.0247,-75.3695,Barred Fruiteater,Pipreola arcuata,brown,female,adult
253688871,Sue&Gary Milks,Ecuador,Zamora-Chinchipe,Reserva Tapichalaca y Casa Simpson,2010-02-05,-4.4950,-79.1323,Barred Fruiteater,Pipreola arcuata,brown,male,adult
244265281,Washington Villamarin,Ecuador,Imbabura,Bosque Protector Neblina,2020-06-18,0.3485,-78.4468,Barred Fruiteater,Pipreola arcuata,brown,female,adult
222539071,Thibaud Aronson,Peru,Pasco,PN Yanachaga-Chemillen--Quebrada San Alberto,2020-03-15,-10.5152,-75.3679,Barred Fruiteater,Pipreola arcuata,brown,female,adult
180105581,Louis Hoeniger,Ecuador,Pichincha,Reserva Yanacocha,2019-09-21,-0.1118,-78.5847,Barred Fruiteater,Pipreola arcuata,brown,male,adult
122464381,Gary Brunvoll,Ecuador,Pichincha,Reserva Yanacocha,2014-03-07,-0.1118,-78.5847,Barred Fruiteater,Pipreola arcuata,brown,male,adult
194467081,Alan Van Norman,Ecuador,Pichincha,Reserva Yanacocha,2018-11-27,-0.1118,-78.5847,Barred Fruiteater,Pipreola arcuata,brown,male,adult
110596621,Angie Drake,Ecuador,Pichincha,Reserva Yanacocha,2014-06-10,-0.1118,-78.5847,Barred Fruiteater,Pipreola arcuata,brown,female,adult
103177051,David Weaver,Ecuador,Pichincha,Reserva Yanacocha,2018-06-03,-0.1118,-78.5847,Barred Fruiteater,Pipreola arcuata,brown,male,adult
71998751,Larry Schmahl,Ecuador,Zamora-Chinchipe,Reserva Tapichalaca y Casa Simpson,2017-10-05,-4.4950,-79.1323,Barred Fruiteater,Pipreola arcuata,brown,male,adult
61880191,Charlie Vogt,Ecuador,Zamora-Chinchipe,Reserva Tapichalaca y Casa Simpson,2017-04-08,-4.4950,-79.1323,Barred Fruiteater,Pipreola arcuata,brown,male,adult
49506331,Steve Hosmer,Ecuador,Zamora-Chinchipe,Reserva Tapichalaca y Casa Simpson,2008-02-15,-4.4950,-79.1323,Barred Fruiteater,Pipreola arcuata,brown,female,adult
28425971,Andrés M. Cuervo,Colombia,Cundinamarca,COLOMBIA: Cundinamarca; Altos de Tigre,2007-08-13,4.3859,-73.8049,Barred Fruiteater,Pipreola arcuata,brown,male,adult
216389031,Daniel Orozco Montoya,Colombia,Caldas,Hacienda El Bosque,2019-09-01,5.0247,-75.3695,Barred Fruiteater,Pipreola arcuata,brown,male,adult
126084211,Ryan Zucker,Ecuador,Pichincha,Reserva Yanacocha,2014-08-18,-0.1118,-78.5847,Barred Fruiteater,Pipreola arcuata,brown,male,adult
469253391,Scott Young,Colombia,Caldas,Hacienda El Bosque,2022-07-19,5.0247,-75.3695,Barred Fruiteater,Pipreola arcuata,brown,male,adult
108364661,Gordon Karre,Ecuador,Pichincha,Reserva Yanacocha,2018-07-03,-0.1118,-78.5847,Barred Fruiteater,Pipreola arcuata,brown,male,adult
32352681,Michael Woodruff,Ecuador,Pichincha,Reserva Yanacocha,2007-03-08,-0.1118,-78.5847,Barred Fruiteater,Pipreola arcuata,brown,male,adult
630391823,Jorge de Leon Cardozo,Ecuador,Zamora-Chinchipe,Reserva Tapichalaca y Casa Simpson,2009-03-23,-4.4950,-79.1323,Barred Fruiteater,Pipreola arcuata,brown,male,adult
631421740,Justyn Stahl,Ecuador,Pichincha,Reserva Yanacocha,2025-02-09,-0.1118,-78.5847,Barred Fruiteater,Pipreola arcuata,brown,male,adult
620729147,Chris Butler,Ecuador,Pichincha,Reserva Zuro Loma,2024-06-22,-0.0887,-78.5998,Barred Fruiteater,Pipreola arcuata,brown,male,adult
617119601,Guillaume Normand,Ecuador,Loja,PN Podocarpus--Sendero al mirador,2024-04-06,-4.1142,-79.1744,Barred Fruiteater,Pipreola arcuata,brown,male,adult
616291185,Mario Pelletier,Colombia,Caldas,Hacienda El Bosque,2024-02-18,5.0247,-75.3695,Barred Fruiteater,Pipreola arcuata,brown,male,adult
613873638,Santiago Hoyos mejia,Colombia,Caldas,Hacienda El Bosque,2024-01-22,5.0247,-75.3695,Barred Fruiteater,Pipreola arcuata,brown,male,adult
612096292,Sasha Robinson,Peru,Huánuco,Bosque Unchog (Valqui D5.3),2023-11-13,-9.7373,-76.1698,Barred Fruiteater,Pipreola arcuata,brown,male,adult
597585261,Daniel Branch,Peru,Huánuco,Carpish Tunnel (Valqui D5.1),2023-07-08,-9.7198,-76.0990,Barred Fruiteater,Pipreola arcuata,brown,male,adult
590326271,Nick Hamatake,Ecuador,Pichincha,Reserva Yanacocha,2022-09-10,-0.1118,-78.5847,Barred Fruiteater,Pipreola arcuata,brown,male,adult
566606491,Bill Sharkey,Ecuador,Zamora-Chinchipe,Reserva Tapichalaca y Casa Simpson,2023-02-18,-4.4950,-79.1323,Barred Fruiteater,Pipreola arcuata,brown,male,adult
563525151,Sam S,Ecuador,Napo,Guango Lodge,2023-03-28,-0.3781,-78.0743,Barred Fruiteater,Pipreola arcuata,brown,female,adult
549754121,William Hull,Ecuador,Zamora-Chinchipe,Reserva Tapichalaca y Casa Simpson,2023-03-10,-4.4950,-79.1323,Barred Fruiteater,Pipreola arcuata,brown,female,adult
534534511,Guy Babineau,Colombia,Caldas,Hacienda El Bosque,2023-01-31,5.0247,-75.3695,Barred Fruiteater,Pipreola arcuata,brown,male,adult
520858961,Erik Enbody,Colombia,Caldas,Hacienda El Bosque,2022-12-18,5.0247,-75.3695,Barred Fruiteater,Pipreola arcuata,brown,male,adult
459407461,Hugo Foxonet,Ecuador,Loja,Laguna Negra - Jimbura - Loja,2022-01-21,-4.7104,-79.4328,Barred Fruiteater,Pipreola arcuata,brown,female,adult
450743891,Randy Vickers,Ecuador,Pichincha,Reserva Yanacocha,2019-08-13,-0.1118,-78.5847,Barred Fruiteater,Pipreola arcuata,brown,female,adult
449512781,ROYAL FLYCATCHER /Kenny Rodríguez Añazco,Peru,San Martín,"San Martín, PE (-6.681, -77.703)",2022-05-14,-6.6806,-77.7032,Barred Fruiteater,Pipreola arcuata,brown,male,adult
405404421,Yorman Arias,Colombia,Caldas,Pensilvania-Popal alto 2950,2022-01-08,5.3752,-75.1950,Barred Fruiteater,Pipreola arcuata,brown,male,adult
401539331,Elizabeth Skakoon,Ecuador,Pichincha,Reserva Yanacocha,2021-12-27,-0.1118,-78.5847,Barred Fruiteater,Pipreola arcuata,brown,male,adult
389018051,Larry Therrien,Ecuador,Loja,Reserva Huashapamba and Acacana area,2021-11-09,-3.6649,-79.2631,Barred Fruiteater,Pipreola arcuata,brown,male,adult
273050371,Ibeth Alarcón,Ecuador,Morona-Santiago,"E594, Provincia de Morona Santiago, EC (-3.192, -78.783)",2019-05-04,-3.1919,-78.7833,Barred Fruiteater,Pipreola arcuata,brown,male,adult
259456641,Ibeth Alarcón,Ecuador,Chimborazo,"Cerro Bellavista, Comunidad San José del Pajón -1,996, -78,902",2020-08-29,-1.9957,-78.9025,Barred Fruiteater,Pipreola arcuata,brown,female,adult
238382091,Cristian de Jesus Sierra Villalba,Colombia,Caldas,Hacienda El Bosque,2018-11-05,5.0247,-75.3695,Barred Fruiteater,Pipreola arcuata,brown,female,adult
220289601,Denis Tétreault,Colombia,Caldas,Hacienda El Bosque,2020-03-06,5.0247,-75.3695,Barred Fruiteater,Pipreola arcuata,brown,male,adult
192573441,Joao Quental JQuental,Colombia,Caldas,Hacienda El Bosque,2019-11-13,5.0247,-75.3695,Barred Fruiteater,Pipreola arcuata,brown,male,adult
182914651,Iván Lau,Colombia,Caldas,Hacienda El Bosque,2019-10-08,5.0247,-75.3695,Barred Fruiteater,Pipreola arcuata,brown,male,adult
555127291,Rose Swift,Ecuador,Napo,Guango Lodge,2023-03-20,-0.3781,-78.0743,Barred Fruiteater,Pipreola arcuata,brown,female,adult
54131611,Linda Rudolph,Ecuador,Loja,PN Podocarpus--Sector Cajanuma,2017-03-25,-4.1167,-79.1738,Barred Fruiteater,Pipreola arcuata,brown,male,adult
51771301,Maurice Raymond,Colombia,Caldas,Road from Termales del Ruiz to PN Los Nevados - Stop  No. 3,2017-03-13,4.9921,-75.4025,Barred Fruiteater,Pipreola arcuata,brown,male,adult
38698161,Suzette Stitely,Peru,Amazonas,Abra Barro Negro--Las Palmas,2016-10-02,-6.7121,-77.8526,Barred Fruiteater,Pipreola arcuata,brown,male,adult
106163031,David Weaver,Ecuador,Napo,Guango Lodge,2018-07-01,-0.3781,-78.0743,Barred Fruiteater,Pipreola arcuata,brown,male,adult
630760823,Gavin McKinnon,Colombia,Caldas,Hacienda El Bosque,2025-01-17,5.0247,-75.3695,Barred Fruiteater,Pipreola arcuata,brown,male,adult
629398461,Joshua Gant,Ecuador,Pichincha,Reserva Zuro Loma,2025-01-17,-0.0887,-78.5998,Barred Fruiteater,Pipreola arcuata,brown,male,adult
616678236,Jerry Chen,Colombia,Caldas,Hacienda El Bosque,2024-01-28,5.0247,-75.3695,Barred Fruiteater,Pipreola arcuata,brown,male,adult
612642988,Noah Price,Ecuador,Napo,Guango Lodge,2023-12-14,-0.3781,-78.0743,Barred Fruiteater,Pipreola arcuata,brown,male,adult
174008091,David Weaver,Ecuador,Pichincha,Reserva Yanacocha,2019-08-24,-0.1118,-78.5847,Barred Fruiteater,Pipreola arcuata,brown,male,adult
167024181,Andy Walker - Birding Ecotours,Ecuador,Pichincha,Reserva Yanacocha,2019-06-25,-0.1118,-78.5847,Barred Fruiteater,Pipreola arcuata,brown,male,adult
632322108,Jay Wilbur,Colombia,Caldas,Hacienda El Bosque,2025-03-12,5.0247,-75.3695,Barred Fruiteater,Pipreola arcuata,brown,male,adult
632008800,Larry Moore,Colombia,Caldas,Hacienda El Bosque,2025-02-07,5.0247,-75.3695,Barred Fruiteater,Pipreola arcuata,brown,male,adult
632002075,James Hoagland,Colombia,Caldas,Hacienda El Bosque,2025-02-14,5.0247,-75.3695,Barred Fruiteater,Pipreola arcuata,brown,male,adult
631784867,Markus Clément,Ecuador,Pichincha,Reserva Zuro Loma,2023-10-29,-0.0887,-78.5998,Barred Fruiteater,Pipreola arcuata,brown,male,adult
631704315,Monica Nichols,Colombia,Caldas,Hacienda El Bosque,2025-02-11,5.0247,-75.3695,Barred Fruiteater,Pipreola arcuata,brown,male,adult
631386602,Liz Soria,Colombia,Caldas,Hacienda El Bosque,2025-01-17,5.0247,-75.3695,Barred Fruiteater,Pipreola arcuata,brown,male,adult
631375182,Alexandre Terrigeol,Ecuador,Pichincha,Reserva Yanacocha--Trocha Inca pasando el túnel,2025-01-24,-0.1296,-78.5888,Barred Fruiteater,Pipreola arcuata,brown,male,adult
631135104,Edward Pullen,Colombia,Caldas,Hacienda El Bosque,2025-02-14,5.0247,-75.3695,Barred Fruiteater,Pipreola arcuata,brown,male,adult
631072015,Miles Mcevoy,Colombia,Caldas,Hacienda El Bosque,2025-01-16,5.0247,-75.3695,Barred Fruiteater,Pipreola arcuata,brown,female,adult
631070576,Ken Corey,Colombia,Caldas,Hacienda El Bosque,2023-06-12,5.0247,-75.3695,Barred Fruiteater,Pipreola arcuata,brown,female,adult
631048459,Bobby Wilcox | Rockjumper Birding Tours,Colombia,Cesar,Chamicero del Perijá Proaves Reserve,2024-10-01,10.3627,-72.9492,Barred Fruiteater,Pipreola arcuata,brown,female,adult
631048392,Bobby Wilcox | Rockjumper Birding Tours,Colombia,Cesar,Chamicero del Perijá Proaves Reserve,2024-09-30,10.3627,-72.9492,Barred Fruiteater,Pipreola arcuata,brown,male,adult
630811668,martin kviesgaard,Ecuador,Pichincha,Reserva Zuro Loma,2025-01-04,-0.0887,-78.5998,Barred Fruiteater,Pipreola arcuata,brown,male,adult
630747397,Daniel Garrigues,Colombia,Caldas,Hacienda El Bosque,2025-01-19,5.0247,-75.3695,Barred Fruiteater,Pipreola arcuata,brown,male,adult
630611795,Kathleen Howard,Ecuador,Pichincha,Reserva Zuro Loma,2025-01-03,-0.0887,-78.5998,Barred Fruiteater,Pipreola arcuata,brown,male,adult
630503254,martin kviesgaard,Ecuador,Napo,Guango Lodge,2025-01-12,-0.3781,-78.0743,Barred Fruiteater,Pipreola arcuata,brown,male,adult
630235685,martin kviesgaard,Ecuador,Pichincha,Reserva Yanacocha--Trocha Inca (main trail),2025-01-04,-0.1165,-78.5883,Barred Fruiteater,Pipreola arcuata,brown,male,adult
630188398,Liz West,Colombia,Caldas,Hacienda El Bosque,2024-08-03,5.0247,-75.3695,Barred Fruiteater,Pipreola arcuata,brown,male,adult
629886749,Scott (瑞興) LIN(林),Colombia,Caldas,"IP - Cambao Manizales, Caldas, CO (5.024, -75.364)",2025-01-29,5.0239,-75.3645,Barred Fruiteater,Pipreola arcuata,brown,male,adult
629151511,Nancy Patterson,Colombia,Caldas,Hacienda El Bosque,2024-12-08,5.0247,-75.3695,Barred Fruiteater,Pipreola arcuata,brown,male,adult
628523926,Ma Yan Bryant,Ecuador,Zamora-Chinchipe,Reserva Tapichalaca--Sendero Jocotoco,2024-10-07,-4.4906,-79.1318,Barred Fruiteater,Pipreola arcuata,brown,male,adult
628217932,Rick Folkening,Ecuador,Loja,"Vía Sin Nombre, Loja, EC (-4.382, -79.115)",2024-11-16,-4.3819,-79.1150,Barred Fruiteater,Pipreola arcuata,brown,male,adult
627887684,Juan Carlos Luna Garcia,Colombia,Cesar,Chamicero del Perijá Proaves Reserve,2024-12-06,10.3627,-72.9492,Barred Fruiteater,Pipreola arcuata,brown,male,adult
627859098,Derek Heins,Colombia,Cesar,PNR Serranía del Perijá--Páramo Sabana Rubia,2024-12-02,10.3634,-72.9201,Barred Fruiteater,Pipreola arcuata,brown,male,adult
627700867,Rick Folkening,Ecuador,Zamora-Chinchipe,Reserva Tapichalaca--Sendero Jocotoco,2024-11-17,-4.4906,-79.1318,Barred Fruiteater,Pipreola arcuata,brown,female,adult
627264836,Joan and/or George Sims,Colombia,Caldas,Hacienda El Bosque,2024-11-08,5.0247,-75.3695,Barred Fruiteater,Pipreola arcuata,brown,male,adult
627225687,Leo Wiznitzer,Colombia,Caldas,Hacienda El Bosque,2024-11-16,5.0247,-75.3695,Barred Fruiteater,Pipreola arcuata,brown,male,adult
627133512,Eric Zawatski,Colombia,Caldas,Hacienda El Bosque,2024-03-15,5.0247,-75.3695,Barred Fruiteater,Pipreola arcuata,brown,female,adult
626474413,Tomohide Cho,Colombia,Caldas,Hacienda El Bosque,2024-08-11,5.0247,-75.3695,Barred Fruiteater,Pipreola arcuata,brown,male,adult
626473602,Lloyd Davis,Ecuador,Zamora-Chinchipe,Reserva Tapichalaca--Sendero Jocotoco,2024-11-07,-4.4906,-79.1318,Barred Fruiteater,Pipreola arcuata,brown,female,adult
624806141,Andrés Sebastián Ochoa Urfano,Peru,Huánuco,Carpish Tunnel (Valqui D5.1),2024-08-19,-9.7198,-76.0990,Barred Fruiteater,Pipreola arcuata,brown,male,juvenil
624153564,Lisa & Li Li,Peru,Junín,"Junín PE-Junín (-11.5388,-74.8123)",2024-09-02,-11.5388,-74.8123,Barred Fruiteater,Pipreola arcuata,brown,male,adult
623999185,Sandra Brown,Colombia,Caldas,Hacienda El Bosque,2023-11-16,5.0247,-75.3695,Barred Fruiteater,Pipreola arcuata,brown,male,adult
623804643,Lisa & Li Li,Peru,Huánuco,Carpish Tunnel (Valqui D5.1),2024-08-23,-9.7198,-76.0990,Barred Fruiteater,Pipreola arcuata,brown,male,adult
623245383,Pablo Eguia,Peru,Amazonas,Trocha Cresta de San Lorenzo,2024-07-14,-5.8102,-78.0210,Barred Fruiteater,Pipreola arcuata,brown,female,adult
622803234,Marc Cronje- Nature Travel Birding,Colombia,Caldas,Hacienda El Bosque,2024-05-13,5.0247,-75.3695,Barred Fruiteater,Pipreola arcuata,brown,male,adult
622801713,Michel Turcot,Ecuador,Pichincha,Reserva Yanacocha,2024-08-05,-0.1118,-78.5847,Barred Fruiteater,Pipreola arcuata,brown,male,adult
622730281,Allen Chartier,Colombia,Caldas,Hacienda El Bosque,2024-07-04,5.0247,-75.3695,Barred Fruiteater,Pipreola arcuata,brown,male,adult
622655981,David Swain,Colombia,Caldas,Hacienda El Bosque,2024-07-23,5.0247,-75.3695,Barred Fruiteater,Pipreola arcuata,brown,male,adult
622529391,Magnus Persmark,Colombia,Caldas,Hacienda El Bosque,2024-03-20,5.0247,-75.3695,Barred Fruiteater,Pipreola arcuata,brown,male,adult
622507177,@ CanRifàFont,Colombia,Caldas,Hacienda El Bosque,2024-07-04,5.0247,-75.3695,Barred Fruiteater,Pipreola arcuata,brown,male,adult
622472452,Jack Stephens,Colombia,Caldas,Hacienda El Bosque,2024-06-16,5.0247,-75.3695,Barred Fruiteater,Pipreola arcuata,brown,male,adult
622174548,David Theobald,Colombia,Caldas,Hacienda El Bosque,2024-07-06,5.0247,-75.3695,Barred Fruiteater,Pipreola arcuata,brown,male,adult
621866378,biel miquel,Colombia,Caldas,Hacienda El Bosque,2024-07-15,5.0247,-75.3695,Barred Fruiteater,Pipreola arcuata,brown,male,adult
621361817,Francisco Jaramillo,Colombia,Caldas,Hacienda El Bosque,2024-06-22,5.0247,-75.3695,Barred Fruiteater,Pipreola arcuata,brown,male,adult
620416677,Alex Boas,Ecuador,Pichincha,Reserva Zuro Loma,2020-12-05,-0.0887,-78.5998,Barred Fruiteater,Pipreola arcuata,brown,male,adult
620293124,Edison Buenano,Colombia,Caldas,Hacienda El Bosque,2023-02-15,5.0247,-75.3695,Barred Fruiteater,Pipreola arcuata,brown,male,adult
620258216,Edison Buenano,Ecuador,Pichincha,Reserva Zuro Loma,2023-10-18,-0.0887,-78.5998,Barred Fruiteater,Pipreola arcuata,brown,male,adult
619893484,Cathryn Pritchard,Colombia,Caldas,Hacienda El Bosque,2024-02-01,5.0247,-75.3695,Barred Fruiteater,Pipreola arcuata,brown,male,adult
619843861,Bradley Waggoner,Colombia,Caldas,Hacienda El Bosque,2024-05-20,5.0247,-75.3695,Barred Fruiteater,Pipreola arcuata,brown,female,adult
615657132,Joe Grzybowski,Ecuador,Pichincha,Reserva Yanacocha,2024-02-12,-0.1118,-78.5847,Barred Fruiteater,Pipreola arcuata,brown,male,adult
615642272,Marcin Sidelnik,Colombia,Caldas,Hacienda El Bosque,2024-02-21,5.0247,-75.3695,Barred Fruiteater,Pipreola arcuata,brown,female,adult
615636703,Loni Ye,Colombia,Caldas,Hacienda El Bosque,2024-02-16,5.0247,-75.3695,Barred Fruiteater,Pipreola arcuata,brown,male,adult
615528540,Jildert Hijlkema,Colombia,Caldas,Hacienda El Bosque,2022-11-20,5.0247,-75.3695,Barred Fruiteater,Pipreola arcuata,brown,female,adult
614871407,Mikki Doerger,Colombia,Caldas,Hacienda El Bosque,2024-02-10,5.0247,-75.3695,Barred Fruiteater,Pipreola arcuata,brown,male,adult
613549296,Jon Iratzagorria Garay,Colombia,Caldas,Hacienda El Bosque,2024-01-14,5.0247,-75.3695,Barred Fruiteater,Pipreola arcuata,brown,male,adult
613524140,Eileen Gibney,Colombia,Caldas,Hacienda El Bosque,2023-12-08,5.0247,-75.3695,Barred Fruiteater,Pipreola arcuata,brown,male,adult
613280373,Thomas Plath,Colombia,Caldas,Hacienda El Bosque,2023-12-06,5.0247,-75.3695,Barred Fruiteater,Pipreola arcuata,brown,male,adult
612872565,Guillaume Normand,Ecuador,Azuay,PN Río Negro Sopladora--Acceso por Sevilla de Oro,2023-12-30,-2.8071,-78.6308,Barred Fruiteater,Pipreola arcuata,brown,female,adult
612700673,Chris Allen,Colombia,Caldas,Hacienda El Bosque,2023-11-13,5.0247,-75.3695,Barred Fruiteater,Pipreola arcuata,brown,male,adult
612541687,Matt Yawney,Colombia,Caldas,"Hacienda El Bosque (5.024, -75.365)",2023-12-08,5.0237,-75.3650,Barred Fruiteater,Pipreola arcuata,brown,male,adult
612166628,Marcel Gil Velasco,Ecuador,Pichincha,Reserva Zuro Loma,2023-11-23,-0.0887,-78.5998,Barred Fruiteater,Pipreola arcuata,brown,male,adult
611681945,W. Gareth Rasberry,Colombia,Caldas,Hacienda El Bosque,2023-08-27,5.0247,-75.3695,Barred Fruiteater,Pipreola arcuata,brown,male,adult
611331780,Edurne Ugarte,Ecuador,Pichincha,Reserva Zuro Loma,2023-11-02,-0.0887,-78.5998,Barred Fruiteater,Pipreola arcuata,brown,male,adult
611154512,Edier Rojas parra,Colombia,Huila,Popayan - Isnos CO-Huila,2023-11-13,2.1652,-76.4139,Barred Fruiteater,Pipreola arcuata,brown,male,adult
611145555,Magui Rojas,Colombia,Caldas,Hacienda El Bosque,2023-10-18,5.0247,-75.3695,Barred Fruiteater,Pipreola arcuata,brown,male,adult
610885174,Dave Rodriguez,Ecuador,Pichincha,Reserva Zuro Loma,2023-10-30,-0.0887,-78.5998,Barred Fruiteater,Pipreola arcuata,brown,male,adult
610834506,Bill Ypsilantis,Colombia,Caldas,Hacienda El Bosque,2023-10-22,5.0247,-75.3695,Barred Fruiteater,Pipreola arcuata,brown,male,adult
610744048,Jim Mathews,Colombia,Caldas,Hacienda El Bosque,2023-09-06,5.0247,-75.3695,Barred Fruiteater,Pipreola arcuata,brown,male,adult
610414723,Jeronimo Marin ramirez,Colombia,Caldas,Hacienda El Bosque,2023-01-09,5.0247,-75.3695,Barred Fruiteater,Pipreola arcuata,brown,female,adult
610364862,Juan Lopez (www.juanlopezbirdtours.com),Colombia,Caldas,Hacienda El Bosque,2023-10-22,5.0247,-75.3695,Barred Fruiteater,Pipreola arcuata,brown,male,adult
610289278,Hector Cadena,Ecuador,Pichincha,Reserva Zuro Loma,2023-10-22,-0.0887,-78.5998,Barred Fruiteater,Pipreola arcuata,brown,male,adult
610282915,Kari Cohen,Colombia,Caldas,Hacienda El Bosque,2023-10-18,5.0247,-75.3695,Barred Fruiteater,Pipreola arcuata,brown,male,adult
609276051,Cheryl Rosenfeld,Colombia,Caldas,Hacienda El Bosque,2023-09-15,5.0247,-75.3695,Barred Fruiteater,Pipreola arcuata,brown,male,adult
608933210,Antonio Ceballos Barbancho,Colombia,Caldas,Hacienda El Bosque,2023-08-09,5.0247,-75.3695,Barred Fruiteater,Pipreola arcuata,brown,male,adult
608791366,Su Li,Colombia,Caldas,Hacienda El Bosque,2023-08-11,5.0247,-75.3695,Barred Fruiteater,Pipreola arcuata,brown,male,adult
608166971,Shiela Shallcross,Colombia,Caldas,Hacienda El Bosque,2023-07-29,5.0247,-75.3695,Barred Fruiteater,Pipreola arcuata,brown,male,adult
605281871,Mark Meunier,Ecuador,Zamora-Chinchipe,Reserva Tapichalaca y Casa Simpson,2023-08-09,-4.4950,-79.1323,Barred Fruiteater,Pipreola arcuata,brown,male,adult
604893681,Mark Meunier,Ecuador,Zamora-Chinchipe,Reserva Tapichalaca y Casa Simpson,2023-08-10,-4.4950,-79.1323,Barred Fruiteater,Pipreola arcuata,brown,male,adult
601952031,Beatriz Hernandez,Colombia,Caldas,Hacienda El Bosque,2023-07-29,5.0247,-75.3695,Barred Fruiteater,Pipreola arcuata,brown,male,adult
601346671,fabian castillo,Ecuador,Loja,PN Podocarpus--Sector Cajanuma,2023-08-06,-4.1167,-79.1738,Barred Fruiteater,Pipreola arcuata,brown,male,adult
600371361,Alain Sylvain,Colombia,Caldas,Hacienda El Bosque,2023-08-04,5.0247,-75.3695,Barred Fruiteater,Pipreola arcuata,brown,male,adult
600360851,Shirley Andrews,Colombia,Caldas,Hacienda El Bosque,2023-07-29,5.0247,-75.3695,Barred Fruiteater,Pipreola arcuata,brown,female,adult
599766851,Daisy Utitiaj Nunink,Ecuador,Zamora-Chinchipe,Reserva Tapichalaca y Casa Simpson,2023-07-27,-4.4950,-79.1323,Barred Fruiteater,Pipreola arcuata,brown,male,adult
598527581,Eleuterio Ramirez,Colombia,Caldas,Hacienda El Bosque,2023-05-26,5.0247,-75.3695,Barred Fruiteater,Pipreola arcuata,brown,male,adult
597287301,Raphael Lebrun,Colombia,Caldas,Hacienda El Bosque,2023-03-25,5.0247,-75.3695,Barred Fruiteater,Pipreola arcuata,brown,male,adult
591562661,Nurit Katz,Colombia,Caldas,Hacienda El Bosque,2023-07-05,5.0247,-75.3695,Barred Fruiteater,Pipreola arcuata,brown,macho,adult
591562661,Nurit Katz,Colombia,Caldas,Hacienda El Bosque,2023-07-05,5.0247,-75.3695,Barred Fruiteater,Pipreola arcuata,brown,hembra,adult
556488031,Terry Doyle,Colombia,Caldas,"HDA El Bosque , Caldas, CO (5,024, -75,366)",2023-03-15,5.0236,-75.3660,Barred Fruiteater,Pipreola arcuata,brown,male,adult
554421601,Audrey Whitlock,Colombia,Caldas,Hacienda El Bosque,2023-03-15,5.0247,-75.3695,Barred Fruiteater,Pipreola arcuata,brown,male,adult
553694011,John Rogers,Ecuador,Zamora-Chinchipe,Reserva Tapichalaca y Casa Simpson,2023-03-17,-4.4950,-79.1323,Barred Fruiteater,Pipreola arcuata,brown,male,adult
553319391,Juan Carlos🦜 Crespo-Macaw Birding,Ecuador,Zamora-Chinchipe,Reserva Tapichalaca y Casa Simpson,2023-02-20,-4.4950,-79.1323,Barred Fruiteater,Pipreola arcuata,brown,male,adult
551246711,Frank Fabbro,Ecuador,Pichincha,Reserva Yanacocha,2023-03-26,-0.1118,-78.5847,Barred Fruiteater,Pipreola arcuata,brown,male,adult
550756941,Ben Sheldon,Colombia,Caldas,Hacienda El Bosque,2023-03-20,5.0247,-75.3695,Barred Fruiteater,Pipreola arcuata,brown,male,adult
549911661,Joseph Tobias,Colombia,Caldas,Hacienda El Bosque,2023-03-01,5.0247,-75.3695,Barred Fruiteater,Pipreola arcuata,brown,male,adult
544909891,Maikel Wise,Ecuador,Napo,Guango Lodge,2023-03-12,-0.3781,-78.0743,Barred Fruiteater,Pipreola arcuata,brown,female,adult
544746631,Eric Ripma,Colombia,Caldas,Hacienda El Bosque,2023-02-15,5.0247,-75.3695,Barred Fruiteater,Pipreola arcuata,brown,male,adult
542286571,Bradley Kane,Colombia,Caldas,Hacienda El Bosque,2023-02-15,5.0247,-75.3695,Barred Fruiteater,Pipreola arcuata,brown,male,adult
541853091,Nick Bonomo,Colombia,Caldas,Hacienda El Bosque,2023-02-06,5.0247,-75.3695,Barred Fruiteater,Pipreola arcuata,brown,female,adult
541500251,Sally Hill,Colombia,Caldas,Hacienda El Bosque,2023-02-15,5.0247,-75.3695,Barred Fruiteater,Pipreola arcuata,brown,male,adult
541371111,Bruce Taylor,Colombia,Caldas,Hacienda El Bosque,2023-02-14,5.0247,-75.3695,Barred Fruiteater,Pipreola arcuata,brown,male,adult
539257031,Mollee Brown,Colombia,Caldas,Hacienda El Bosque,2023-02-14,5.0247,-75.3695,Barred Fruiteater,Pipreola arcuata,brown,male,adult
537511711,Laura Bakken,Colombia,Caldas,Hacienda El Bosque,2023-02-02,5.0247,-75.3695,Barred Fruiteater,Pipreola arcuata,brown,male,adult
535956761,Donald Wellmann,Colombia,Caldas,Hacienda El Bosque,2022-07-20,5.0247,-75.3695,Barred Fruiteater,Pipreola arcuata,brown,male,adult
518379381,Gonzalo Nazati,Ecuador,Pichincha,Reserva Yanacocha,2022-12-30,-0.1118,-78.5847,Barred Fruiteater,Pipreola arcuata,brown,male,adult
516299591,Brandon Best,Colombia,Caldas,Hacienda El Bosque,2022-03-16,5.0247,-75.3695,Barred Fruiteater,Pipreola arcuata,brown,male,adult
497906331,Obie Gilkerson,Colombia,Caldas,Hacienda El Bosque,2022-09-07,5.0247,-75.3695,Barred Fruiteater,Pipreola arcuata,brown,male,adult
496031591,Gál Szabolcs,Peru,Huánuco,Senda Paty,2018-08-01,-9.6952,-76.0868,Barred Fruiteater,Pipreola arcuata,brown,female,adult
487587061,Paul Roisen,Colombia,Caldas,Hacienda El Bosque,2022-08-12,5.0247,-75.3695,Barred Fruiteater,Pipreola arcuata,brown,male,adult
631830517,Carlos Ulate,Colombia,Caldas,Hacienda El Bosque,2025-03-06,5.0247,-75.3695,Barred Fruiteater,Pipreola arcuata,brown,male,adult
631830519,Carlos Ulate,Colombia,Caldas,Hacienda El Bosque,2025-03-06,5.0247,-75.3695,Barred Fruiteater,Pipreola arcuata,brown,male,adult
631830516,Carlos Ulate,Colombia,Caldas,Hacienda El Bosque,2025-03-06,5.0247,-75.3695,Barred Fruiteater,Pipreola arcuata,brown,male,adult
631830518,Carlos Ulate,Colombia,Caldas,Hacienda El Bosque,2025-03-06,5.0247,-75.3695,Barred Fruiteater,Pipreola arcuata,brown,male,adult
632331164,Joshua Vandermeulen,Colombia,Caldas,Hacienda El Bosque,2025-03-18,5.0247,-75.3695,Barred Fruiteater,Pipreola arcuata,brown,male,adult
632111780,Oswaldo Cortes Bogota Birding,Colombia,Caldas,Hacienda El Bosque,2025-03-14,5.0247,-75.3695,Barred Fruiteater,Pipreola arcuata,brown,male,adult
633685399,Doug Pfeiffer,Colombia,Caldas,Hacienda El Bosque,2025-03-18,5.0247,-75.3695,Barred Fruiteater,Pipreola arcuata,brown,male,adult
635386801,Rudolf Koes,Colombia,Caldas,Hacienda El Bosque,2025-04-15,5.0247,-75.3695,Barred Fruiteater,Pipreola arcuata,brown,male,adult
635234292,Heiler Uribe,Colombia,Caldas,Hacienda El Bosque,2025-05-04,5.0247,-75.3695,Barred Fruiteater,Pipreola arcuata,brown,male,adult
635234291,Heiler Uribe,Colombia,Caldas,Hacienda El Bosque,2025-05-04,5.0247,-75.3695,Barred Fruiteater,Pipreola arcuata,brown,male,adult
635234120,Heiler Uribe,Colombia,Caldas,Hacienda El Bosque,2025-05-04,5.0247,-75.3695,Barred Fruiteater,Pipreola arcuata,brown,male,adult
635234119,Heiler Uribe,Colombia,Caldas,Hacienda El Bosque,2025-05-04,5.0247,-75.3695,Barred Fruiteater,Pipreola arcuata,brown,male,adult
635214680,Jane Crawford,Ecuador,Pichincha,Reserva Zuro Loma,2025-05-05,-0.0887,-78.5998,Barred Fruiteater,Pipreola arcuata,brown,male,adult
635214679,Jane Crawford,Ecuador,Pichincha,Reserva Zuro Loma,2025-05-05,-0.0887,-78.5998,Barred Fruiteater,Pipreola arcuata,brown,male,adult
635214678,Jane Crawford,Ecuador,Pichincha,Reserva Zuro Loma,2025-05-05,-0.0887,-78.5998,Barred Fruiteater,Pipreola arcuata,brown,male,adult
635214677,Jane Crawford,Ecuador,Pichincha,Reserva Zuro Loma,2025-05-05,-0.0887,-78.5998,Barred Fruiteater,Pipreola arcuata,brown,male,adult
635214676,Jane Crawford,Ecuador,Pichincha,Reserva Zuro Loma,2025-05-05,-0.0887,-78.5998,Barred Fruiteater,Pipreola arcuata,brown,male,adult
635214675,Jane Crawford,Ecuador,Pichincha,Reserva Zuro Loma,2025-05-05,-0.0887,-78.5998,Barred Fruiteater,Pipreola arcuata,brown,male,adult
635214674,Jane Crawford,Ecuador,Pichincha,Reserva Zuro Loma,2025-05-05,-0.0887,-78.5998,Barred Fruiteater,Pipreola arcuata,brown,male,adult
635214673,Jane Crawford,Ecuador,Pichincha,Reserva Zuro Loma,2025-05-05,-0.0887,-78.5998,Barred Fruiteater,Pipreola arcuata,brown,male,adult
635214672,Jane Crawford,Ecuador,Pichincha,Reserva Zuro Loma,2025-05-05,-0.0887,-78.5998,Barred Fruiteater,Pipreola arcuata,brown,male,adult
635214671,Jane Crawford,Ecuador,Pichincha,Reserva Zuro Loma,2025-05-05,-0.0887,-78.5998,Barred Fruiteater,Pipreola arcuata,brown,male,adult
635118715,Anne Bielamowicz,Peru,Amazonas,Trocha Cresta de San Lorenzo,2025-04-16,-5.8102,-78.0210,Barred Fruiteater,Pipreola arcuata,brown,male,adult
635109059,Steve Bielamowicz,Peru,Amazonas,Trocha Cresta de San Lorenzo,2025-04-16,-5.8102,-78.0210,Barred Fruiteater,Pipreola arcuata,brown,male,adult
635109056,Steve Bielamowicz,Peru,Amazonas,Trocha Cresta de San Lorenzo,2025-04-16,-5.8102,-78.0210,Barred Fruiteater,Pipreola arcuata,brown,male,adult
634970197,Richard Edden,Peru,Amazonas,Trocha Cresta de San Lorenzo,2025-04-16,-5.8102,-78.0210,Barred Fruiteater,Pipreola arcuata,brown,male,adult
634633188,Antonio Jaramillo Toledo,Ecuador,Pichincha,Reserva Zuro Loma,2025-04-28,-0.0887,-78.5998,Barred Fruiteater,Pipreola arcuata,brown,male,adult
634402238,Hervé JACOB,Colombia,Cesar,Chamicero del Perijá Proaves Reserve,2025-03-15,10.3627,-72.9492,Barred Fruiteater,Pipreola arcuata,brown,male,adult
634068110,Carlos Gomez,Colombia,Caldas,Hacienda El Bosque,2025-04-18,5.0247,-75.3695,Barred Fruiteater,Pipreola arcuata,brown,male,adult
634068105,Carlos Gomez,Colombia,Caldas,Hacienda El Bosque,2025-04-18,5.0247,-75.3695,Barred Fruiteater,Pipreola arcuata,brown,male,adult
634068098,Carlos Gomez,Colombia,Caldas,Hacienda El Bosque,2025-04-18,5.0247,-75.3695,Barred Fruiteater,Pipreola arcuata,brown,male,adult
633685400,Doug Pfeiffer,Colombia,Caldas,Hacienda El Bosque,2025-03-18,5.0247,-75.3695,Barred Fruiteater,Pipreola arcuata,brown,male,adult
633685398,Doug Pfeiffer,Colombia,Caldas,Hacienda El Bosque,2025-03-18,5.0247,-75.3695,Barred Fruiteater,Pipreola arcuata,brown,male,adult
633685397,Doug Pfeiffer,Colombia,Caldas,Hacienda El Bosque,2025-03-18,5.0247,-75.3695,Barred Fruiteater,Pipreola arcuata,brown,male,adult
633245752,Stephon Sterns,Colombia,Caldas,Hacienda El Bosque,2025-03-27,5.0247,-75.3695,Barred Fruiteater,Pipreola arcuata,brown,male,adult
633245750,Stephon Sterns,Colombia,Caldas,Hacienda El Bosque,2025-03-27,5.0247,-75.3695,Barred Fruiteater,Pipreola arcuata,brown,male,adult
632775437,Luke Pheneger,Colombia,Caldas,Hacienda El Bosque,2025-03-13,5.0247,-75.3695,Barred Fruiteater,Pipreola arcuata,brown,male,adult
632322108,Jay Wilbur,Colombia,Caldas,Hacienda El Bosque,2025-03-12,5.0247,-75.3695,Barred Fruiteater,Pipreola arcuata,brown,male,adult
https://www.flickr.com/photos/147283349@N08/52093201148/,Carlos Alberto Arias Aristizabal,Colombia,Caldas,Hacienda El Bosque,2022-05-19,5.0235,-75.3649,Barred Fruiteater,Pipreola arcuata,brown,male,adult
https://www.flickr.com/photos/147283349@N08/28337597448/,Carlos Alberto Arias Aristizabal,Colombia,Caldas,Hacienda El Bosque,2018-05-01,5.0235,-75.3649,Barred Fruiteater,Pipreola arcuata,brown,male,adult
https://www.flickr.com/photos/moblynn/52410626473/,Lynn Griffiths,Colombia,Caldas,Hacienda El Bosque,2022-09-08,4.8176,-75.6066,Barred Fruiteater,Pipreola arcuata,brown,male,adult
https://www.flickr.com/photos/jmawnster/51484436984/,Jeff Maw,Ecuador,Pichincha,Reserva Zuro Loma,2021-09-01,-0.0887,-78.5998,Barred Fruiteater,Pipreola arcuata,brown,male,adult
https://www.flickr.com/photos/micguti/52198601835/,Ik_kil,Colombia,Caldas,Hacienda El Bosque,2022-02-15,5.0235,-75.3649,Barred Fruiteater,Pipreola arcuata,brown,male,adult
https://www.flickr.com/photos/155928864@N08/50618290143/,Manu Espinosa Apolo,Ecuador,Pichincha,Reserva Zuro Loma,2020-01-19,-0.0887,-78.5998,Barred Fruiteater,Pipreola arcuata,brown,female,adult
https://www.flickr.com/photos/apiatierradeaves/43908861024/,Apiatierradeaves Julian Zuleta,Colombia,Caldas,Hacienda El Bosque,2018-09-17,5.0235,-75.3649,Barred Fruiteater,Pipreola arcuata,brown,male,adult
https://www.flickr.com/photos/bbarsalo/50406912088/,Bernard Barsalo,Colombia,Caldas,Manizales,2020-01-21,5.0235,-75.3649,Barred Fruiteater,Pipreola arcuata,brown,male,adult
https://www.flickr.com/photos/94293448@N07/49618475542/,Jorge Eduardo Chinchilla Arroyo,Colombia,Caldas,Hacienda El Bosque,2019-05-25,5.0235,-75.3649,Barred Fruiteater,Pipreola arcuata,brown,male,adult
https://www.flickr.com/photos/wilmerquiceno/49446596033/,Wilmer Quiceno,Colombia,Caldas,Hacienda El Bosque,2020-01-19,5.0235,-75.3649,Barred Fruiteater,Pipreola arcuata,brown,male,adult
https://www.flickr.com/photos/35789658@N04/10076708385/,Sergio Chaparro-Herrera,Colombia,Cundinamarca,La Calera (Inspección Mundo Nuevo),2013-9-28,4.6602,-73.8672,Barred Fruiteater,Pipreola arcuata,brown,male,adult
https://www.flickr.com/photos/neotropical_birds_mayan_ruins/28587293818/,Peter W. Wendelken,Ecuador,,Reserva Yanacocha,2018-05-28,-0.1118,-78.5847,Barred Fruiteater,Pipreola arcuata,brown,male,adult
https://www.flickr.com/photos/25486180@N07/46893010524/,palomino595,Colombia,Caldas,Hacienda El Bosque,2019-03-05,5.0235,-75.3649,Barred Fruiteater,Pipreola arcuata,brown,male,adult
https://www.flickr.com/photos/94293448@N07/49648221576/,Jorge Eduardo Chinchilla Arroyo,Colombia,Caldas,Hacienda El Bosque,2019-05-25,5.0235,-75.3649,Barred Fruiteater,Pipreola arcuata,brown,male,adult
https://www.flickr.com/photos/157315060@N07/48357389707/,anderson munoz,Colombia,,Páramo de los frailejones (Barragan),2019-07-19,2.3597,-76.3617,Barred Fruiteater,Pipreola arcuata,brown,male,adult
https://www.flickr.com/photos/suemilks/50196081816/,Sue Milks,Ecuador,Zamora-Chinchipe,Reserva Tapichalaca y Casa Simpson,2010-02-01,-4.4950,-79.1323,Barred Fruiteater,Pipreola arcuata,brown,male,adult
https://www.flickr.com/photos/54249623@N08/50739901067/,Francisco Piedrahita,Colombia,Caldas,Hacienda El Bosque,2020-12-05,5.0235,-75.3649,Barred Fruiteater,Pipreola arcuata,brown,male,adult
https://www.flickr.com/photos/129392105@N02/21659455226/,Brayan Coral Jaramillo,Colombia,,Páramo Quilinsayaco ó Bordoncillo,2015-09-21,1.1564,-77.0818,Barred Fruiteater,Pipreola arcuata,brown,male,adult
https://www.flickr.com/photos/jjarango/45397827652/,Juan José Arango,Colombia,Caldas,Hacienda El Bosque,2018-10-20,5.0235,-75.3649,Barred Fruiteater,Pipreola arcuata,brown,male,adult
https://www.flickr.com/photos/pipefalco/49490135678/,Felipe Toro,Colombia,Caldas,Hacienda El Bosque,2020-1-18,5.0235,-75.3649,Barred Fruiteater,Pipreola arcuata,brown,male,adult
https://www.flickr.com/photos/olegchernyshov/52138967886/,Oleg Chernyshov,Colombia,Caldas,Hacienda El Bosque,2022-02-25,5.0235,-75.3649,Barred Fruiteater,Pipreola arcuata,brown,male,adult
https://www.flickr.com/photos/146006711@N02/48775552206/,Cesar Alvarez S,Ecuador,Pichincha,Reserva Zuro Loma,2019-09-21,-0.0887,-78.5998,Barred Fruiteater,Pipreola arcuata,brown,male,adult
https://www.flickr.com/photos/54249623@N08/53578836888/,Francisco Piedrahita,Ecuador,Zamora-Chinchipe,Reserva Tapichalaca y Casa Simpson,2024-1-11,-4.4950,-79.1323,Barred Fruiteater,Pipreola arcuata,brown,female,adult
https://www.flickr.com/photos/jeluba/6602910157/,Jean-Luc Baron,Ecuador,,Road from San Jorge Ecolodge to Yanacocha Reserve,2011-11-28,-0.1085,-78.5619,Barred Fruiteater,Pipreola arcuata,brown,male,adult
https://www.flickr.com/photos/ipin-by-the-sea/52698619529/,Iain Robson,Colombia,Caldas,Hacienda El Bosque,2023-01-18,5.0235,-75.3649,Barred Fruiteater,Pipreola arcuata,brown,female,adult
https://www.flickr.com/photos/antpitta/52007180640/,Nick Athanas,Colombia,Caldas,Hacienda El Bosque,2022-02-15,5.0235,-75.3649,Barred Fruiteater,Pipreola arcuata,brown,female,adult
https://www.flickr.com/photos/neilorlandodiazmartinez/10260702443/,Neil Orlando Diaz Martinez,Colombia,Cundinamarca,La Calera (Inspección Mundo Nuevo),2013-9-28,4.6602,-73.8672,Barred Fruiteater,Pipreola arcuata,brown,male,adult
https://www.flickr.com/photos/guiacalles/9675059056/,Carlos Calle,Perú,,Leimebamba,2013-08-30,-6.7119,-77.8022,Barred Fruiteater,Pipreola arcuata,brown,male,adult
https://www.flickr.com/photos/guiacalles/10118265074/,Carlos Calle,Perú,,Satipo road,2013-09-28,-11.2338,-74.6441,Barred Fruiteater,Pipreola arcuata,brown,male,adult
https://www.flickr.com/photos/saburosan/52896283443/,Thomas Hamel,Ecuador,Pichincha,Reserva Zuro Loma,2023-04-29,-0.0887,-78.5998,Barred Fruiteater,Pipreola arcuata,brown,male,adult
https://www.flickr.com/photos/calidris-photos/48782819792/,Jon Irvine,Perú,,"Mantaro River Drainage [3165m], Satipo Road, Junin, Peru",2018-11-24,-11.2338,-74.6441,Barred Fruiteater,Pipreola arcuata,brown,male,adult
https://www.flickr.com/photos/35789658@N04/10076708385/,Nick Athanas,Colombia,,PNN Chingaza (Dept. Cundinamarca),2010-2-23,4.7112,-73.8064,Barred Fruiteater,Pipreola arcuata,brown,male,adult
https://www.flickr.com/photos/jaceballos/11347269125/,Andrés Ceballos V.,Colombia,,Fómeque Cundinamarca,2013-9-28,4.6607,-73.8701,Barred Fruiteater,Pipreola arcuata,brown,male,adult
https://www.flickr.com/photos/sarbhloh/52873941055/,Harjeet Singh,Colombia,Caldas,Hacienda El Bosque,2023-03-12,5.0235,-75.3649,Barred Fruiteater,Pipreola arcuata,brown,male,adult
https://www.flickr.com/photos/130202300@N02/17087442152/,Francis Ramirez Ramirez,Ecuador,,Páramo Cerro Negro,2023-03-12,0.8496,-77.9169,Barred Fruiteater,Pipreola arcuata,brown,male,adult
https://www.flickr.com/photos/samwoodsbirding/51950201757/,Sam Woods,Ecuador,Pichincha,Reserva Zuro Loma,2022-03-19,-0.0887,-78.5998,Barred Fruiteater,Pipreola arcuata,brown,male,adult
https://www.flickr.com/photos/paulcottis/53862129322/,Harjeet Singh,Colombia,,"Hacienda del Bosque, near Los Nevados Natural National Park",2024-03-20,5.0235,-75.3649,Barred Fruiteater,Pipreola arcuata,brown,male,adult
https://www.flickr.com/photos/ardeola/5564387334/,Håkan Sandin,Ecuador,,"Tapichalaca Reserve, Zamora-Chinchipe",2011-02-21,-0.0887,-78.5998,Barred Fruiteater,Pipreola arcuata,brown,male,adult
https://www.flickr.com/photos/44058804@N04/4050098848/,Dušan M. Brinkhuizen,Ecuador,,"Tapichalaca Reserve, Zamora-Chinchipe",2007-12-1,-0.0887,-78.5998,Barred Fruiteater,Pipreola arcuata,brown,male,adult
https://www.flickr.com/photos/christian_nunes/4407831482/,Christian Nunes,Perú,,Bosque Unchog,2009-12-12,-9.7410,-76.1687,Barred Fruiteater,Pipreola arcuata,brown,male,adult
https://www.flickr.com/photos/nightjar/439429584/,Michael Woodruff,Ecuador,,Reserva Yanacocha,2007-03-08,-0.1120,-78.5849,Barred Fruiteater,Pipreola arcuata,brown,male,adult
https://www.flickr.com/photos/uropsalis/4354905996/,Ian Davies,Perú,,Bosque Unchog,2010-2-13,-9.7410,-76.1687,Barred Fruiteater,Pipreola arcuata,brown,male,adult
https://www.flickr.com/photos/francesco_veronesi/6176873649/,Francesco Veronesi,Ecuador,,PN Podocarpus--Sector Cajanuma,2011-08-09,-4.1167,-79.1738,Barred Fruiteater,Pipreola arcuata,brown,female,adult
https://www.flickr.com/photos/197932054@N07/52761953454/,Stassenraf,Ecuador,Zamora-Chinchipe,Reserva Tapichalaca y Casa Simpson,2022-05-10,-4.4956,-79.1321,Barred Fruiteater,Pipreola arcuata,brown,male,adult
https://www.flickr.com/photos/ferruginous/52705646866/,ferruge,Ecuador,Zamora-Chinchipe,Reserva Tapichalaca y Casa Simpson,2022-10-20,-4.4958,-79.1320,Barred Fruiteater,Pipreola arcuata,brown,male,adult
https://www.flickr.com/photos/146006711@N02/28114716408/,Cesar Alvarez S,Ecuador,,Copete Alto- Baños Tumgurahua,2018-05-05,-4.4958,-79.1320,Barred Fruiteater,Pipreola arcuata,brown,female,adult
https://www.flickr.com/photos/proaves/52504157389/,ProAves,Colombia,Cesar,Reserva ProAves Chamicero del Perijá,2023-09-12,10.4065,-72.9268,Barred Fruiteater,Pipreola arcuata,brown,male,adult
https://www.inaturalist.org/observations/15847115,Josh Vandermeulen,Colombia,Risaralda,"Pueblo Rico, Risaralda, Colombia",2015-01-29,5.2328,-76.1135,Barred Fruiteater,Pipreola arcuata,red,female,adult
https://www.inaturalist.org/observations/37359477,Cullen Hanks,Colombia,Risaralda,"Tatamá, Pueblo Rico, Risaralda, Colombia",2018-12-25,5.2572,-76.1106,Barred Fruiteater,Pipreola arcuata,red,male,adult
https://www.inaturalist.org/observations/57660762,Edwin Múnera Chavarría,Colombia,Antioquia,"Támesis, CO-AN, CO",2020-06-09,5.6503,-75.7675,Barred Fruiteater,Pipreola arcuata,red,male,adult
https://www.inaturalist.org/observations/78359128,Edwin Múnera Chavarría,Colombia,Antioquia,"Ventanas, Jardín, Antioquia, Colombia",2021-05-07,5.5390,-75.8012,Barred Fruiteater,Pipreola arcuata,red,female,adult
https://www.inaturalist.org/observations/78359744,Edwin Múnera Chavarría,Colombia,Antioquia,"Ventanas, Jardín, Antioquia, Colombia",2021-05-07,5.5389,-75.8012,Barred Fruiteater,Pipreola arcuata,red,male,adult
https://www.inaturalist.org/observations/91682997,Nick Moore,Colombia,Risaralda,"Pueblo Rico, Risaralda, Colombia",2021-08-04,5.2546,-76.1147,Barred Fruiteater,Pipreola arcuata,red,female,adult
https://www.inaturalist.org/observations/118743481,Bioexploradores Farallones,Colombia,Antioquia,"Cd Bolívar, Antioquia, Colombia",2021-07-01,5.7673,-76.0600,Barred Fruiteater,Pipreola arcuata,red,male,adult
https://www.inaturalist.org/observations/138119327,Santi MD,Colombia,Antioquia,"Ventanas, Jardín, Antioquia, Colombia",2022-10-08,5.5401,-75.8034,Barred Fruiteater,Pipreola arcuata,red,male,adult
https://www.inaturalist.org/observations/145481516,Dario Taraborelli,Colombia,Risaralda,"Pueblo Rico, Risaralda, Colombia",2022-12-27,5.2516,-76.1106,Barred Fruiteater,Pipreola arcuata,red,male,adult
https://www.inaturalist.org/observations/153249299,Daniel Higuita Tamayo,Colombia,Antioquia,"Caicedo, Antioquia, Colombia",2023-03-31,6.5051,-76.0581,Barred Fruiteater,Pipreola arcuata,red,male,adult
https://www.inaturalist.org/observations/154756154,Fundacion ProAves,Colombia,Antioquia,Reserva ProAves Gorrión de Andivia,2023-03-12,6.0038,-76.1653,Barred Fruiteater,Pipreola arcuata,red,male,adult
https://www.inaturalist.org/observations/177571838,Thomas Shahan,Colombia,Risaralda,"Pueblo Rico, Risaralda, Colombia",2023-08-03,5.2551,-76.1182,Barred Fruiteater,Pipreola arcuata,red,male,adult
https://www.inaturalist.org/observations/190137385,Jen Cross,Colombia,Risaralda,"Pueblo Rico, Risaralda, Colombia",2023-08-03,5.2541,-76.1179,Barred Fruiteater,Pipreola arcuata,red,male,adult
https://www.inaturalist.org/observations/192057547,Jerson Marín,Colombia,Antioquia,Caicedo,2023-11-24,6.5002,-76.0605,Barred Fruiteater,Pipreola arcuata,red,male,adult
https://www.inaturalist.org/observations/192250207,Luis Alberto Hernandez Guanipa,Colombia,Antioquia,"Caicedo, Antioquia, Colombia",2023-11-24,6.4053,-75.9835,Barred Fruiteater,Pipreola arcuata,red,male,adult
https://www.inaturalist.org/observations/200018356,,Colombia,Risaralda,"Montezuma-Base Militar, Pueblo Rico, Risaralda, Colombia",2024-02-13,5.2551,-76.1179,Barred Fruiteater,Pipreola arcuata,red,male,adult
https://www.inaturalist.org/observations/216458803,Don Marsille,Colombia,Risaralda,"Pueblo Rico, Risaralda, Colombia",2024-01-27,5.2544,-76.1172,Barred Fruiteater,Pipreola arcuata,red,male,adult
https://www.inaturalist.org/observations/216580567,Don Marsille,Colombia,Risaralda,"Pueblo Rico, Risaralda, Colombia",2024-01-27,5.2519,-76.1106,Barred Fruiteater,Pipreola arcuata,red,male,adult
https://www.inaturalist.org/observations/232815997,Juan Carlos Luna,Colombia,Chocó,"El Carmen de Atrato, Chocó, Colombia",2024-07-21,5.9323,-76.1517,Barred Fruiteater,Pipreola arcuata,red,female,adult
https://www.inaturalist.org/observations/233015949,Fundacion ProAves,Colombia,Antioquia,Reserva ProAves Gorrión de Andivia,2024-07-19,6.0038,-76.1653,Barred Fruiteater,Pipreola arcuata,red,female,adult
https://www.inaturalist.org/observations/252788910,Nagi Aboulenein,Colombia,Antioquia,"Ventanas, Jardín, Antioquia, Colombia",2024-01-05,5.5400,-75.8035,Barred Fruiteater,Pipreola arcuata,red,male,adult
https://www.inaturalist.org/observations/252788915,Nagi Aboulenein,Colombia,Antioquia,"Ventanas, Jardín, Antioquia, Colombia",2024-01-05,5.5398,-75.8012,Barred Fruiteater,Pipreola arcuata,red,male,adult
https://www.inaturalist.org/observations/255342767,,Colombia,Risaralda,"Camino Montezuma, Risaralda, Colombia",2024-11-25,5.1130,-76.0964,Barred Fruiteater,Pipreola arcuata,red,male,adult
https://www.inaturalist.org/observations/280109804,Fundacion ProAves,Colombia,Antioquia,"Urrao, Antioquia, Colombia",2025-05-05,6.4269,-76.0871,Barred Fruiteater,Pipreola arcuata,red,male,adult
https://www.flickr.com/photos/juandiegocastillo/albums/72157640059411825/,Juan Diego Castillo Ramírez,Colombia,Risaralda,PNN Tatamá--Camino Montezuma,2013-12-3,5.2447,-76.1006,Barred Fruiteater,Pipreola arcuata,red,male,adult
https://www.flickr.com/photos/wilmerquiceno/24455845539/,Wilmer Quiceno,Colombia,Antioquia,El Jardin,2016-01-13,5.6061,-75.8193,Barred Fruiteater,Pipreola arcuata,red,male,adult
https://www.flickr.com/photos/ungoliat/16664568999/,David Cespedes,Colombia,Antioquia,El Jardin,2015-01-18,5.6062,-75.8198,Barred Fruiteater,Pipreola arcuata,red,male,adult
https://www.flickr.com/photos/birdingtourscolombia/17131977904/,Daniel Uribe,Colombia,Antioquia,El Jardin,2014-02-18,5.6032,-75.8197,Barred Fruiteater,Pipreola arcuata,red,male,adult
https://www.flickr.com/photos/juanolopezo/10864031754/,Juan Pablo López Ordóñez,Colombia,Risaralda,PNN Tatamá--Camino Montezuma,2013-11-14,5.1832,-76.0800,Barred Fruiteater,Pipreola arcuata,red,male,adult
https://www.flickr.com/photos/jjarango/25101555081/,Juan José Arango,Colombia,Antioquia,El Jardin,2016-02-12,5.6043,-75.8203,Barred Fruiteater,Pipreola arcuata,red,male,adult
https://www.flickr.com/photos/93556771@N03/13899127523/,Paula Andrea Gómez Gómez,Colombia,Antioquia,RNA Loro Orejiamarillo (Yellow-eared Parrot Reserve),2014-04-14,5.5402,-75.7966,Barred Fruiteater,Pipreola arcuata,red,male,adult
https://www.flickr.com/photos/juanolopezo/10863929596/,Juan Pablo López Ordóñez,Colombia,Risaralda,PNN Tatamá--Camino Montezuma,2013-11-14,5.1832,-76.0800,Barred Fruiteater,Pipreola arcuata,red,male,adult
https://www.flickr.com/photos/jestebanberrio/20198575435/,J. Esteban Berrio,Colombia,Chocó,"Reserva ProAves Las Tángaras, Carmen de atrato (Chocó)",2015-07-27,5.8515,-76.1825,Barred Fruiteater,Pipreola arcuata,red,male,adult
https://www.flickr.com/photos/24201429@N04/8441177985/,Félix Uribe,Colombia,Risaralda,"Pueblo Rico, (Cerro Montezuma)",2013-1-31,5.2555,-76.1186,Barred Fruiteater,Pipreola arcuata,red,female,adult
https://www.flickr.com/photos/colombia_birding_diego/9387909003/,Diego Calderon-F.,Colombia,Risaralda,"Montezuma, W Andes",2013-07-08,5.2447,-76.1006,Barred Fruiteater,Pipreola arcuata,red,male,adult
https://www.flickr.com/photos/juanolopezo/9396464583/,Juan Pablo López Ordóñez,Colombia,Cauca,"Reserva Natural Tambito, Andes occidentales de Colombia",2007-02-09,2.5060,-76.9650,Barred Fruiteater,Pipreola arcuata,red,male,adult
https://www.flickr.com/photos/121862364@N05/24816141973/,anderson muñoz,Colombia,Cauca,"Reserva Natural Tambito, Andes occidentales de Colombia",2016-03-02,2.6963,-77.0192,Barred Fruiteater,Pipreola arcuata,red,male,adult
https://www.flickr.com/photos/24349477@N08/5503763344/,Craig Swolgaard,Colombia,Antioquia,Altos Ventanas / Reserva Loro Orejiamarillo,2011-03-06,5.5394,-75.8032,Barred Fruiteater,Pipreola arcuata,red,male,adult
https://www.flickr.com/photos/davethebird/5542539445/,Dave Curtis,Colombia,Antioquia,Altos Ventanas / Reserva Loro Orejiamarillo,2010-12-6,5.5892,-75.8048,Barred Fruiteater,Pipreola arcuata,red,male,adult
https://www.flickr.com/photos/proaves/34950418266/,ProAves,Colombia,Chocó,"Reserva ProAves Las Tángaras, Carmen de atrato (Chocó)",2017-05-13,5.8532,-76.1833,Barred Fruiteater,Pipreola arcuata,red,male,adult
https://www.flickr.com/photos/186748160@N02/53198597461/,Adriana Dinu,Colombia,Antioquia,RNA Loro Orejiamarillo (Yellow-eared Parrot Reserve),2023-09-12,5.5393,-75.8037,Barred Fruiteater,Pipreola arcuata,red,male,adult
https://www.flickr.com/photos/proaves/51950173502/,ProAves,Colombia,Antioquia,Urrao - Fauna Reserva Colibrí del sol,2023-09-12,6.4267,-76.0879,Barred Fruiteater,Pipreola arcuata,red,male,adult
349128211,Vivian Vivas,Venezuela,Táchira,PN Tama––Cerro Las Copas,2021-05-27,7.4492,-72.3605,Barred Fruiteater,Pipreola arcuata,red,male,adult
205933441,Karla Perez Leon,Venezuela,Táchira,Paramo Las Coloradas,2014-12-28,7.9738,-72.0827,Barred Fruiteater,Pipreola arcuata,red,female,adult
178584731,Margareta Wieser,Venezuela,Trujillo,PN Guaramacal (solo listas historicas),2019-09-20,9.1813,-70.2170,Barred Fruiteater,Pipreola arcuata,red,male,adult
150610581,Jhonathan Miranda - Wandering Venezuela Birding Expeditions,Venezuela,Trujillo,"PN Guaramacal—vía Guaramacal, PNG006",2019-04-06,9.2399,-70.1950,Barred Fruiteater,Pipreola arcuata,red,male,adult
614536526,Darwin Moreno,Venezuela,Táchira,PN Juan Pablo Peñaloza--Via La Cortada,2024-02-06,8.0113,-71.9655,Barred Fruiteater,Pipreola arcuata,red,male,adult
414190971,Jaap Velden,Colombia,Risaralda,PNN Tatamá--Camino Montezuma,2022-02-05,5.2447,-76.1006,Barred Fruiteater,Pipreola arcuata,red,male,adult
425543211,Roger Horn,Colombia,Risaralda,PNN Tatamá--Base Militar Montezuma,2022-03-14,5.2542,-76.1171,Barred Fruiteater,Pipreola arcuata,red,male,adult
425538931,Charles Duncan,Colombia,Risaralda,PNN Tatamá--Base Militar Montezuma,2022-03-14,5.2542,-76.1171,Barred Fruiteater,Pipreola arcuata,red,male,adult
412836771,Wouter Van Gasse,Colombia,Risaralda,PNN Tatamá--Camino Montezuma,2021-11-26,5.2447,-76.1006,Barred Fruiteater,Pipreola arcuata,red,male,adult
349128211,Vivian Vivas,Venezuela,Táchira,PN Tama––Cerro Las Copas,2021-05-27,7.4492,-72.3605,Barred Fruiteater,Pipreola arcuata,red,male,adult
31844131,Fabrice Schmitt,Colombia,Chocó,Gorrión de Andivia ProAves Reserve,2016-07-20,5.9947,-76.1663,Barred Fruiteater,Pipreola arcuata,red,male,adult
205933441,Karla Perez Leon,Venezuela,Táchira,Paramo Las Coloradas,2014-12-28,7.9738,-72.0827,Barred Fruiteater,Pipreola arcuata,red,female,adult
204319481,Greg  Griffith,Colombia,Chocó,"El Carmen de Atrato (5.8096, -76.1934)",2015-02-09,5.8096,-76.1934,Barred Fruiteater,Pipreola arcuata,red,female,adult
716897,Eduardo Soler,Colombia,Antioquia,Jardín,NA,5.6032,-75.8197,Barred Fruiteater,Pipreola arcuata,red,male,adult
606457281,Mike Melton,Colombia,Risaralda,PNN Tatamá--Cerro Montezuma-Los Chorros,2019-12-17,5.2516,-76.1106,Barred Fruiteater,Pipreola arcuata,red,male,adult
206121011,Arthur Grosset,Colombia,Risaralda,Montezuma Peak Road,2012-04-22,5.2539,-76.1149,Barred Fruiteater,Pipreola arcuata,red,female,adult
608653071,Alain Sylvain,Colombia,Chocó,"25B AN 04-2-1, Quibdó CO-Chocó 6.00174, -76.16413",2023-08-09,6.0017,-76.1641,Barred Fruiteater,Pipreola arcuata,red,male,adult
503392051,Steve Kelling,Colombia,Risaralda,PNN Tatamá--Cerro Montezuma-Los Chorros,2019-02-07,5.2516,-76.1106,Barred Fruiteater,Pipreola arcuata,red,female,adult
368916161,Dan Ellison,Colombia,Risaralda,PNN Tatamá--Cerro Montezuma-Los Chorros,2021-08-14,5.2516,-76.1106,Barred Fruiteater,Pipreola arcuata,red,male,adult
336841241,Edwin Munera,Colombia,Antioquia,RNA Loro Orejiamarillo (Yellow-eared Parrot Reserve),2021-05-07,5.5402,-75.7966,Barred Fruiteater,Pipreola arcuata,red,male,adult
197816351,Cullen Hanks,Colombia,Risaralda,PNN Tatamá--Cerro Montezuma-Los Chorros,2018-12-25,5.2516,-76.1106,Barred Fruiteater,Pipreola arcuata,red,male,adult
106376821,Iván Lau,Colombia,Antioquia,RNA Loro Orejiamarillo (Yellow-eared Parrot Reserve),2018-06-19,5.5402,-75.7966,Barred Fruiteater,Pipreola arcuata,red,male,adult
571443911,Juan Lopez (www.juanlopezbirdtours.com),Colombia,Risaralda,PNN Tatamá--Base Militar Montezuma,2023-05-13,5.2542,-76.1171,Barred Fruiteater,Pipreola arcuata,red,female,adult
362441231,Nick Moore,Colombia,Risaralda,PNN Tatamá--Base Militar Montezuma,2021-08-04,5.2542,-76.1171,Barred Fruiteater,Pipreola arcuata,red,female,adult
66155661,Jorge Muñoz García   CAQUETA BIRDING,Colombia,Chocó,Gorrión de Andivia ProAves Reserve,2017-07-28,5.9947,-76.1663,Barred Fruiteater,Pipreola arcuata,red,male,adult
65749691,Jorge Muñoz García   CAQUETA BIRDING,Colombia,Antioquia,AICA Bosques Montamos del Sur de Antioquia--Alto de Ventanas,2017-07-22,5.5434,-75.8036,Barred Fruiteater,Pipreola arcuata,red,male,adult
45284851,Nigel Voaden,Colombia,Antioquia,Colibrí del Sol ProAves Reserve,2010-01-14,6.4317,-76.0911,Barred Fruiteater,Pipreola arcuata,red,male,adult
631119229,Neil Bjorklund,Colombia,Risaralda,PNN Tatamá--Base Militar Montezuma,2020-03-14,5.2542,-76.1171,Barred Fruiteater,Pipreola arcuata,red,male,adult
623013943,Andres Felipe Ramirez Arango,Colombia,Antioquia,Colibrí del Sol ProAves Reserve,2024-06-11,6.4317,-76.0911,Barred Fruiteater,Pipreola arcuata,red,male,adult
616262001,Santiago Cañaveral Suarez,Colombia,Antioquia,RNA Loro Orejiamarillo (Yellow-eared Parrot Reserve),2024-03-17,5.5402,-75.7966,Barred Fruiteater,Pipreola arcuata,red,male,adult
611553180,Jerson Marin (@rojo_pajarero),Colombia,Antioquia,Ruta Páramo Santicos,2023-11-24,6.4900,-76.0562,Barred Fruiteater,Pipreola arcuata,red,male,adult
609287147,Bobby Wilcox | Rockjumper Birding Tours,Colombia,Chocó,"25B AN 04-2-1, Quibdó CO-Chocó 6.00174, -76.16413",2023-08-09,6.0017,-76.1641,Barred Fruiteater,Pipreola arcuata,red,male,adult
592277651,Jessy Lopez Herra,Colombia,Risaralda,PNN Tatamá--Base Militar Montezuma,2023-07-08,5.2542,-76.1171,Barred Fruiteater,Pipreola arcuata,red,male,adult
483942171,Omar Paez,Colombia,Antioquia,RNA Loro Orejiamarillo (Yellow-eared Parrot Reserve),2022-09-09,5.5402,-75.7966,Barred Fruiteater,Pipreola arcuata,red,male,adult
483231771,Brandon Trentler,Colombia,Antioquia,RNA Loro Orejiamarillo (Yellow-eared Parrot Reserve),2022-09-09,5.5402,-75.7966,Barred Fruiteater,Pipreola arcuata,red,male,adult
411933661,Lisa Carol Wolf,Colombia,Risaralda,PNN Tatamá--Camino Montezuma,2022-01-11,5.2447,-76.1006,Barred Fruiteater,Pipreola arcuata,red,female,adult
328341341,Chantelle du Plessis (Andes EcoTours),Colombia,Risaralda,PNN Tatamá--Base Militar Montezuma,2020-11-05,5.2542,-76.1171,Barred Fruiteater,Pipreola arcuata,red,male,adult
182793011,Chris Bell,Colombia,Risaralda,PNN Tatamá--Cerro Montezuma-Los Chorros,2019-10-14,5.2516,-76.1106,Barred Fruiteater,Pipreola arcuata,red,female,adult
178584731,Margareta Wieser,Venezuela,Trujillo,PN Guaramacal (solo listas historicas),2019-09-20,9.1813,-70.2170,Barred Fruiteater,Pipreola arcuata,red,male,adult
137889501,CRISTIAN DAZA- MANAKIN NATURE TOURS,Colombia,Risaralda,PNN Tatamá--Base Militar Montezuma,2019-01-28,5.2542,-76.1171,Barred Fruiteater,Pipreola arcuata,red,male,adult
68142391,Fabrice Schmitt,Colombia,Chocó,Gorrión de Andivia ProAves Reserve,2017-08-16,5.9947,-76.1663,Barred Fruiteater,Pipreola arcuata,red,male,adult
615139074,Russ Namitz,Colombia,Risaralda,PNN Tatamá--Base Militar Montezuma,2024-02-13,5.2542,-76.1171,Barred Fruiteater,Pipreola arcuata,red,male,adult
611559381,Luis Hernández(@Birdsbyluishernandez),Colombia,Antioquia,Zona de Páramo de los Santicos,2023-11-24,6.5033,-76.0593,Barred Fruiteater,Pipreola arcuata,red,male,adult
608311007,Richard Hall,Colombia,Chocó,"25B AN 04-2-1, Quibdó CO-Chocó 6.00174, -76.16413",2023-08-09,6.0017,-76.1641,Barred Fruiteater,Pipreola arcuata,red,male,adult
535792961,Charles Davies,Colombia,Risaralda,PNN Tatamá--Camino Montezuma,2023-01-29,5.2447,-76.1006,Barred Fruiteater,Pipreola arcuata,red,female,adult
471015651,Gustino Lanese,Colombia,Risaralda,PNN Tatamá--Camino Montezuma,2022-05-06,5.2447,-76.1006,Barred Fruiteater,Pipreola arcuata,red,female,adult
449038331,Alejandro Jaramillo Urán,Colombia,Antioquia,Colibrí del Sol ProAves Reserve,2022-05-14,6.4317,-76.0911,Barred Fruiteater,Pipreola arcuata,red,male,adult
222154801,Mike Melton,Colombia,Risaralda,PNN Tatamá--Cerro Montezuma-Los Chorros,2019-12-16,5.2516,-76.1106,Barred Fruiteater,Pipreola arcuata,red,female,adult
224106661,Joshua Vandermeulen,Colombia,Risaralda,PNN Tatamá--Camino Montezuma,2015-01-29,5.2447,-76.1006,Barred Fruiteater,Pipreola arcuata,red,female,adult
394309951,Shtid Tapasco,Colombia,Risaralda,PNN Tatamá--Cerro Montezuma-Los Chorros,2021-12-06,5.2516,-76.1106,Barred Fruiteater,Pipreola arcuata,red,female,adult
629309869,Paul DiFiore,Colombia,Risaralda,PNN Tatamá--Cerro Montezuma-Los Chorros,2025-01-03,5.2516,-76.1106,Barred Fruiteater,Pipreola arcuata,red,female,adult
623475240,Juan Pablo Arboleda,Colombia,Risaralda,PNN Tatamá--Base Militar Montezuma,2024-08-31,5.2542,-76.1171,Barred Fruiteater,Pipreola arcuata,red,male,adult
613318544,Alejandro Suárez,Colombia,Antioquia,RN Mesenia-Paramillo--Cabaña Fundación Colibrí,2024-01-08,5.4959,-75.8892,Barred Fruiteater,Pipreola arcuata,red,male,adult
609732461,Sharon Lu,Colombia,Risaralda,PNN Tatamá--Cerro Montezuma-Los Chorros,2023-07-03,5.2516,-76.1106,Barred Fruiteater,Pipreola arcuata,red,male,adult
341991651,Andres Felipe Ramirez Arango,Colombia,Risaralda,PNN Tatamá--Base Militar Montezuma,2021-05-19,5.2542,-76.1171,Barred Fruiteater,Pipreola arcuata,red,male,adult
248651351,David Howe & Rosanne Dawson,Colombia,Chocó,RNA Proaves Las Tangaras--Lodge,2015-12-09,5.8522,-76.1825,Barred Fruiteater,Pipreola arcuata,red,female,adult
203389801,Stephan Lorenz I Rockjumper Birding Tours,Colombia,Chocó,Gorrión de Andivia ProAves Reserve,2019-03-26,5.9947,-76.1663,Barred Fruiteater,Pipreola arcuata,red,male,adult
196055841,Per Smith,Colombia,Risaralda,PNN Tatamá--Camino Montezuma,2012-07-06,5.2447,-76.1006,Barred Fruiteater,Pipreola arcuata,red,male,adult
171035181,Iván Lau,Colombia,Antioquia,RN Mesenia-Paramillo--Cabaña Fundación Colibrí,2019-04-04,5.4959,-75.8892,Barred Fruiteater,Pipreola arcuata,red,male,adult
143165641,Brad Singer,Colombia,Risaralda,PNN Tatamá--Cerro Montezuma-Los Chorros,2019-02-11,5.2516,-76.1106,Barred Fruiteater,Pipreola arcuata,red,female,adult
106758551,Larry Schmahl,Colombia,Antioquia,Jardín--La Truchera,2018-06-22,5.5805,-75.7774,Barred Fruiteater,Pipreola arcuata,red,male,adult
357465331,Matt Slaymaker,Colombia,Antioquia,Colibrí del Sol ProAves Reserve,2011-02-13,6.4317,-76.0911,Barred Fruiteater,Pipreola arcuata,red,male,adult
243596801,Edwin Munera,Colombia,Antioquia,Reserva Natural El Globo,2020-05-10,5.6627,-75.7600,Barred Fruiteater,Pipreola arcuata,red,male,adult
219701931,Denis Tétreault,Colombia,Risaralda,PNN Tatamá--Camino Montezuma,2020-03-03,5.2447,-76.1006,Barred Fruiteater,Pipreola arcuata,red,female,adult
98609551,Elver Andres Ledesma,Colombia,Antioquia,RN Mesenia Paramillo - Plan hasta El Alto,2018-05-05,5.4849,-75.8933,Barred Fruiteater,Pipreola arcuata,red,male,adult
629525382,Alejandro Ramirez - Kamarija Birding,Colombia,Antioquia,RNA Loro Orejiamarillo (Yellow-eared Parrot Reserve),2025-01-13,5.5402,-75.7966,Barred Fruiteater,Pipreola arcuata,red,male,adult
554835451,Juan Carlos Luna Garcia,Colombia,Chocó,Gorrión de Andivia ProAves Reserve,2023-03-11,5.9947,-76.1663,Barred Fruiteater,Pipreola arcuata,red,male,adult
546443251,Richard Fleming,Colombia,Chocó,Gorrión de Andivia ProAves Reserve,2023-03-11,5.9947,-76.1663,Barred Fruiteater,Pipreola arcuata,red,male,adult
467358691,Anonymous,Colombia,Risaralda,Camino Montezuma--Los Cajones,2022-06-29,5.2477,-76.1053,Barred Fruiteater,Pipreola arcuata,red,male,adult
388225051,Dave Curtis,Colombia,Antioquia,RN Selva de Ventanas,2010-12-06,7.0916,-75.4850,Barred Fruiteater,Pipreola arcuata,red,male,adult
369526441,Bob Martinka,Colombia,Risaralda,PNN Tatamá--Cerro Montezuma-Los Chorros,2021-08-14,5.2516,-76.1106,Barred Fruiteater,Pipreola arcuata,red,male,adult
250858011,Michael Honeyman,Colombia,Risaralda,Camino Montezuma--Montezuma Rainforest Lodge,2020-03-14,5.2307,-76.0818,Barred Fruiteater,Pipreola arcuata,red,female,adult
202096991,Thad Roller,Colombia,Risaralda,PNN Tatamá--Camino Montezuma,2020-01-11,5.2447,-76.1006,Barred Fruiteater,Pipreola arcuata,red,female,adult
150610581,Jhonathan Miranda - Wandering Venezuela Birding Expeditions,Venezuela,Trujillo,"PN Guaramacal—vía Guaramacal, PNG006",2019-04-06,9.2399,-70.1950,Barred Fruiteater,Pipreola arcuata,red,male,adult
146852231,Mike Ferguson,Colombia,Risaralda,Camino Montezuma--Montezuma Rainforest Lodge,2019-02-14,5.2307,-76.0818,Barred Fruiteater,Pipreola arcuata,red,male,adult
433393801,Gary Leavens,Colombia,Risaralda,PNN Tatamá--Cerro Montezuma-Los Chorros,2022-03-14,5.2516,-76.1106,Barred Fruiteater,Pipreola arcuata,red,female,adult
217645451,Eli Gross,Colombia,Risaralda,PNN Tatamá--Camino Montezuma,2020-02-19,5.2447,-76.1006,Barred Fruiteater,Pipreola arcuata,red,female,adult
458731341,Chelsea Hockenbury,Colombia,Risaralda,PNN Tatamá--Base Militar Montezuma,2022-06-11,5.2542,-76.1171,Barred Fruiteater,Pipreola arcuata,red,female,adult
632536961,Shtid Tapasco,Colombia,Risaralda,PNN Tatamá--Base Militar Montezuma,2025-03-21,5.2542,-76.1171,Barred Fruiteater,Pipreola arcuata,red,male,adult
632304174,Iván Lau,Colombia,Chocó,Gorrión de Andivia ProAves Reserve,2025-03-10,5.9947,-76.1663,Barred Fruiteater,Pipreola arcuata,red,male,adult
630393750,Iván Lau,Colombia,Antioquia,RNA Loro Orejiamarillo (Yellow-eared Parrot Reserve),2025-01-31,5.5402,-75.7966,Barred Fruiteater,Pipreola arcuata,red,male,adult
630155469,Lorna Aynbinder,Colombia,Risaralda,PNN Tatamá--Cerro Montezuma-Los Chorros,2025-01-11,5.2516,-76.1106,Barred Fruiteater,Pipreola arcuata,red,female,adult
628394200,Angela Lopez R,Colombia,Risaralda,PNN Tatamá--Base Militar Montezuma,2024-08-31,5.2542,-76.1171,Barred Fruiteater,Pipreola arcuata,red,male,adult
628226875,Alejandro Ramirez - Kamarija Birding,Colombia,Antioquia,RN Mesenia-Paramillo--Cabaña Fundación Colibrí,2024-12-29,5.4959,-75.8892,Barred Fruiteater,Pipreola arcuata,red,male,adult
627530114,Lucas Bobay,Colombia,Risaralda,PNN Tatamá--Base Militar Montezuma,2024-03-23,5.2542,-76.1171,Barred Fruiteater,Pipreola arcuata,red,male,adult
624962208,Juan Lázaro Toro Murillo,Colombia,Antioquia,RNA Loro Orejiamarillo (Yellow-eared Parrot Reserve),2024-10-12,5.5402,-75.7966,Barred Fruiteater,Pipreola arcuata,red,female,adult
623295977,Matthew Douglas Gable,Colombia,Risaralda,PNN Tatamá--Base Militar Montezuma,2024-08-31,5.2542,-76.1171,Barred Fruiteater,Pipreola arcuata,red,male,adult
622016326,Juan Carlos Luna Garcia,Colombia,Chocó,Gorrión de Andivia ProAves Reserve,2024-07-19,5.9947,-76.1663,Barred Fruiteater,Pipreola arcuata,red,female,adult
621939399,Alejandro Suárez,Colombia,Antioquia,"Antioquia, CO Alto Las Ranas 3.100",2024-07-24,5.4938,-75.9191,Barred Fruiteater,Pipreola arcuata,red,male,adult
610548233,XI LIU,Colombia,Chocó,RNA Gorrión de Andivia,2023-10-15,6.0016,-76.1641,Barred Fruiteater,Pipreola arcuata,red,male,adult
608916240,Adriana Dinu,Colombia,Antioquia,RNA Loro Orejiamarillo (Yellow-eared Parrot Reserve),2023-09-12,5.5402,-75.7966,Barred Fruiteater,Pipreola arcuata,red,male,adult
552674521,Audrey Whitlock,Colombia,Antioquia,AICA Bosques Montamos del Sur de Antioquia--Alto de Ventanas,2023-03-11,5.5434,-75.8036,Barred Fruiteater,Pipreola arcuata,red,male,adult
518416411,Dario Taraborelli,Colombia,Risaralda,PNN Tatamá--Cerro Montezuma-Los Chorros,2022-12-27,5.2516,-76.1106,Barred Fruiteater,Pipreola arcuata,red,male,adult
486432171,Daniel Ferriz,Colombia,Risaralda,PNN Tatamá--Base Militar Montezuma,2022-07-11,5.2542,-76.1171,Barred Fruiteater,Pipreola arcuata,red,male,adult
633980380,Mike Andersen,Colombia,Chocó,Gorrión de Andivia ProAves Reserve,2025-03-10,5.9947,-76.1663,Barred Fruiteater,Pipreola arcuata,red,male,adult
632536961,Shtid Tapasco,Colombia,Risaralda,PNN Tatamá--Base Militar Montezuma,2025-03-21,5.2542,-76.1171,Barred Fruiteater,Pipreola arcuata,red,male,adult
632304174,Iván Lau,Colombia,Chocó,Gorrión de Andivia ProAves Reserve,2025-03-10,5.9947,-76.1663,Barred Fruiteater,Pipreola arcuata,red,male,adult
http://www.inaturalist.org/observations/63814,Edward Hurme,Wayqecha Biological Station,Perú,Cusco,2011-03-27,-13.1747,-71.5933,Barred Fruiteater,Pipreola arcuata,yellow,male,adult
http://www.inaturalist.org/observations/862512,Nicole LaRoche,Wayqecha Biological Station,Perú,Cusco,2014-09-03,-13.1747,-71.5866,Barred Fruiteater,Pipreola arcuata,yellow,male,adult
http://www.inaturalist.org/observations/1103513,Nicole LaRoche,"Pilco Grande, Peru",Perú,,2014-09-11,-13.1869,-71.5843,Barred Fruiteater,Pipreola arcuata,yellow,female,adult
http://www.inaturalist.org/observations/4142698,Cullen Hanks,"Paucartambo Province, Peru",Perú,,2016-08-21,-13.1744,-71.6072,Barred Fruiteater,Pipreola arcuata,yellow,male,adult
http://www.inaturalist.org/observations/4142699,Cullen Hanks,"Paucartambo, Manu, Cusco, Peru",Perú,Cusco,2016-08-21,-13.1744,-71.6073,Barred Fruiteater,Pipreola arcuata,yellow,female,adult
http://www.inaturalist.org/observations/4142708,Cullen Hanks,"Paucartambo, Cusco, Peru",Perú,Cusco,2016-08-21,-13.1865,-71.5872,Barred Fruiteater,Pipreola arcuata,yellow,male,adult
https://www.inaturalist.org/observations/7358601,Noah Frade,"Paucartambo Province, Peru",Perú,,2017-07-27,-13.1776,-71.5992,Barred Fruiteater,Pipreola arcuata,yellow,male,adult
https://www.inaturalist.org/observations/32512294,Paul Fenwick,"Paucartambo Province, Peru",Perú,,2017-07-15,-13.1791,-71.6025,Barred Fruiteater,Pipreola arcuata,yellow,male,adult
https://www.inaturalist.org/observations/32921705,Paul Fenwick,"Paucartambo Province, Peru",Perú,,2017-07-20,-13.2037,-71.6162,Barred Fruiteater,Pipreola arcuata,yellow,male,adult
https://www.inaturalist.org/observations/35652262,Riley Fortier,"Paucartambo Province, Peru",Perú,,2019-09-27,-13.1844,-71.5843,Barred Fruiteater,Pipreola arcuata,yellow,male,adult
https://www.inaturalist.org/observations/38307585,Beto Espinoza,"Coroico, Bolivia",Bolivia,,2019-11-03,-16.2749,-67.7972,Barred Fruiteater,Pipreola arcuata,yellow,male,adult
https://www.inaturalist.org/observations/52093922,,"Chapare, Bolivia",Bolivia,,2019-05-03,-17.1659,-65.8853,Barred Fruiteater,Pipreola arcuata,yellow,male,adult
https://www.inaturalist.org/observations/60322846,Naturalist Tours,"Chapare, BO-CB, BO",Bolivia,,2017-05-21,-17.1921,-65.8774,Barred Fruiteater,Pipreola arcuata,yellow,male,adult
https://www.inaturalist.org/observations/105736269,Manuel Roncal,"RCG7+24G, 08145, Perú",Perú,,2015-11-13,-13.1749,-71.5872,Barred Fruiteater,Pipreola arcuata,yellow,male,adult
https://www.inaturalist.org/observations/115605379,Beto Espinoza,"Nor Yungas, Bolivia",Bolivia,,2022-05-02,-16.2884,-67.8935,Barred Fruiteater,Pipreola arcuata,yellow,female,adult
https://www.inaturalist.org/observations/125884063,,Churo Alto,Bolivia,,2021-10-08,-17.1489,-65.8663,Barred Fruiteater,Pipreola arcuata,yellow,male,adult
https://www.inaturalist.org/observations/129094144,Jeremiah Kennedy,"Paucartambo, Cusco, Peru",Perú,Cusco,2016-09-22,-13.1768,-71.6028,Barred Fruiteater,Pipreola arcuata,yellow,female,adult
https://www.inaturalist.org/observations/129436723,Beto Espinoza,"Nor Yungas, Bolivia",Bolivia,,2022-07-31,-16.2804,-67.7947,Barred Fruiteater,Pipreola arcuata,yellow,male,adult
https://www.inaturalist.org/observations/137264926,Paulo B R,"Paucartambo, Peru",Perú,,2022-08-08,-13.1703,-71.6035,Barred Fruiteater,Pipreola arcuata,yellow,male,adult
https://www.inaturalist.org/observations/151272866,Tim Forrester,"RCG7+24G, 08145, Peru",Perú,,2011-10-22,-13.1749,-71.5872,Barred Fruiteater,Pipreola arcuata,yellow,male,adult
https://www.inaturalist.org/observations/151274802,Tim Forrester,"RCG7+24G, 08145, Peru",Perú,,2011-11-30,-13.1749,-71.5872,Barred Fruiteater,Pipreola arcuata,yellow,female,adult
https://www.inaturalist.org/observations/164335079,,"North Yungas Road, Departamento de La Paz, BO",Bolivia,La Paz,2023-05-28,-16.2976,-67.8212,Barred Fruiteater,Pipreola arcuata,yellow,female,adult
https://www.inaturalist.org/observations/175442311,,"08135, Perú",Perú,,2023-07-28,-13.1747,-71.5869,Barred Fruiteater,Pipreola arcuata,yellow,male,adult
https://www.inaturalist.org/observations/184870725,Chaline Olivier,"Province de Nor Yungas, Bolivie",Bolivia,,2014-05-04,-16.2867,-67.8495,Barred Fruiteater,Pipreola arcuata,yellow,female,adult
https://www.inaturalist.org/observations/184870726,Chaline Olivier,"Province de Nor Yungas, Bolivie",Bolivia,,2014-05-04,-16.2867,-67.8495,Barred Fruiteater,Pipreola arcuata,yellow,male,adult
https://www.inaturalist.org/observations/185176866,,"Cuzco, PE",Perú,,2023-09-27,-13.1862,-71.5881,Barred Fruiteater,Pipreola arcuata,yellow,male,adult
https://www.inaturalist.org/observations/191381307,Kent Miller,"Nor Yungas, Bolivia",Bolivia,,2023-11-15,-16.2921,-67.8264,Barred Fruiteater,Pipreola arcuata,yellow,female,adult
https://www.inaturalist.org/observations/191381308,Kent Miller,"Nor Yungas, Bolivia",Bolivia,,2023-11-15,-16.2921,-67.8264,Barred Fruiteater,Pipreola arcuata,yellow,female,adult
https://www.inaturalist.org/observations/192093808,Kurt Hennige,"Nor Yungas, Bolivia",Bolivia,,2023-11-15,-16.2930,-67.8268,Barred Fruiteater,Pipreola arcuata,yellow,male,adult
https://www.inaturalist.org/observations/192385999,Kurt Hennige,"Nor Yungas, Bolivia",Bolivia,,2023-11-15,-16.2804,-67.7964,Barred Fruiteater,Pipreola arcuata,yellow,male,adult
https://www.inaturalist.org/observations/192644811,Christoph Moning,"Paucartambo Province, Peru",Perú,,2023-09-18,-13.1695,-71.6021,Barred Fruiteater,Pipreola arcuata,yellow,male,adult
https://www.inaturalist.org/observations/194539079,Claude Kolwelter,"Paucartambo Province, Peru",Perú,,2023-08-22,-13.1619,-71.6014,Barred Fruiteater,Pipreola arcuata,yellow,male,adult
https://www.inaturalist.org/observations/194539081,Claude Kolwelter,"Paucartambo Province, Peru",Perú,,2023-08-22,-13.1619,-71.6014,Barred Fruiteater,Pipreola arcuata,yellow,female,adult
https://www.inaturalist.org/observations/202076260,Beto Espinoza,"Nor Yungas, Bolivia",Bolivia,,2024-02-13,-16.2941,-67.8248,Barred Fruiteater,Pipreola arcuata,yellow,male,adult
https://www.inaturalist.org/observations/206160942,,"Paucartambo, Peru",Perú,,2022-08-08,-13.1692,-71.6024,Barred Fruiteater,Pipreola arcuata,yellow,male,adult
https://www.inaturalist.org/observations/236848057,,"Paucartambo, Perú",Perú,,2005-08-06,-13.1800,-71.5988,Barred Fruiteater,Pipreola arcuata,yellow,male,adult
https://www.inaturalist.org/observations/249818086,,"Paucartambo Province, Peru",Perú,,2024-05-31,-13.1742,-71.6068,Barred Fruiteater,Pipreola arcuata,yellow,male,adult
https://www.inaturalist.org/observations/257870144,Alistair Smith,"Paucartambo Province, Peru",Perú,,2025-01-08,-13.1830,-71.5833,Barred Fruiteater,Pipreola arcuata,yellow,male,adult
https://www.inaturalist.org/observations/276229940,Walker Bladimir Aguilar,"Chapare, Bolivia",Bolivia,,2025-04-28,-17.1620,-65.8854,Barred Fruiteater,Pipreola arcuata,yellow,male,adult
https://www.inaturalist.org/observations/277354010,Beto Espinoza,"Nor Yungas, Bolivia",Bolivia,,2025-04-28,-16.3088,-67.8998,Barred Fruiteater,Pipreola arcuata,yellow,male,adult
https://www.flickr.com/photos/jquental/23896811026/,Joao Quental,Challabamba,Perú,,2015-07-26,-13.2144,-71.6565,Barred Fruiteater,Pipreola arcuata,yellow,male,adult
https://www.flickr.com/photos/brunoconjeaud/32434677411/,Bruno Conjeaud,Wayqecha Cloud Forest Biological Station--Canopy Trail,Perú,Cusco,2016-10-13,-13.1850,-71.5877,Barred Fruiteater,Pipreola arcuata,yellow,male,adult
https://www.flickr.com/photos/joelnrosenthal/2847027945/,joel rosenthal,"Manu Road, not far from cock of the Rock Lodges",Perú,,2008-09-11,-13.1831,-71.6083,Barred Fruiteater,Pipreola arcuata,yellow,male,adult
https://www.flickr.com/photos/fabrice-schmitt/6454493899/,Fabrice Schmitt,"Chuspipata, Coroico",Bolivia,,2011-10-1,-16.3047,-67.8143,Barred Fruiteater,Pipreola arcuata,yellow,male,adult
https://www.flickr.com/photos/27600575@N03/23361920841/,Fernando Angulo,Wayqecha Cloud Forest Biological Station--Canopy Trail,Perú,Cusco,2015-11-13,-13.1850,-71.5877,Barred Fruiteater,Pipreola arcuata,yellow,male,adult
https://www.flickr.com/photos/paulcottis/30621948217/,Paul Cottis,"Near Wayquecha Lodge and Research Station, Manu Mational Park, Manu Road, Peru",Perú,Cusco,2018-08-15,-13.1755,-71.5861,Barred Fruiteater,Pipreola arcuata,yellow,male,adult
https://www.flickr.com/photos/paulcottis/30621948217/,Paul Cottis,"Near Wayquecha Lodge and Research Station, Manu Mational Park, Manu Road, Peru",Perú,Cusco,2018-08-15,-13.1755,-71.5861,Barred Fruiteater,Pipreola arcuata,yellow,female,adult
https://www.flickr.com/photos/davidascanio/48817589177/,David Ascanio,"Manu Biosphere Reserve tour, Manu Mational Park",Perú,,2019-09-06,-13.1774,-71.5859,Barred Fruiteater,Pipreola arcuata,yellow,male,adult
https://www.flickr.com/photos/38151463@N04/12259778506/,carlo castellani,"carretera de la muerte, La Paz, Bolivia",Bolivia,La Paz,2007-03-08,-16.2972,-67.8222,Barred Fruiteater,Pipreola arcuata,yellow,male,adult
68127801,Bradley Hacker 🦜,Carretera a Manú--Túneles Pillahuata (2600-2800m),Peru,Cuzco [Cusco],2017-08-22,-13.1707,-71.6038,Barred Fruiteater,Pipreola arcuata,yellow,male,adult
360533881,Dietmar PETRAUSCH,Chuspipata--upper Old Coroico Rd.,Bolivia,La Paz,2021-08-08,-16.2926,-67.8265,Barred Fruiteater,Pipreola arcuata,yellow,male,adult
205772071,Mark Maddock,"Abra Malaga (-13.0868, -72.3972)",Peru,Cuzco [Cusco],2017-09-18,-13.0868,-72.3972,Barred Fruiteater,Pipreola arcuata,yellow,male,adult
205829161,Tini & Jacob Wijpkema,Cotapata Track,Bolivia,La Paz,2016-09-11,-16.2672,-67.8526,Barred Fruiteater,Pipreola arcuata,yellow,male,adult
267396191,Marybel Crespo Saucedo,Corani cloud forest,Bolivia,Cochabamba,2020-07-29,-17.1584,-65.8747,Barred Fruiteater,Pipreola arcuata,yellow,male,adult
611577214,Tomáš Grim,Corani cloud forest,Bolivia,Cochabamba,2023-09-04,-17.1584,-65.8747,Barred Fruiteater,Pipreola arcuata,yellow,female,adult
536450001,Steve Juhasz,Carretera a Manú--Esperanza,Peru,Cuzco [Cusco],2022-04-07,-13.1780,-71.6033,Barred Fruiteater,Pipreola arcuata,yellow,male,adult
126806191,Joshua Covill,Chuspipata--upper Old Coroico Rd.,Bolivia,La Paz,2018-12-04,-16.2926,-67.8265,Barred Fruiteater,Pipreola arcuata,yellow,male,adult
65303781,Paul Fenwick,"PE-Cuzco-CU-113 (-13.1772,-71.6096)",Peru,Cuzco [Cusco],2017-07-15,-13.1772,-71.6096,Barred Fruiteater,Pipreola arcuata,yellow,male,adult
206058021,Samantha Klein,"Cotapata National Park (-16.2107, -67.9683)",Bolivia,La Paz,2014-11-18,-16.2107,-67.9683,Barred Fruiteater,Pipreola arcuata,yellow,female,adult
205970871,Lars Petersson | My World of Bird Photography,Belmond Sanctuary Lodge,Peru,Cuzco [Cusco],2009-10-31,-13.1662,-72.5430,Barred Fruiteater,Pipreola arcuata,yellow,female,adult
205684291,Tini & Jacob Wijpkema,"Siberia (-17.7591, -64.6202)",Bolivia,Santa Cruz,2015-01-17,-17.7591,-64.6202,Barred Fruiteater,Pipreola arcuata,yellow,male,juvenile
205641391,Richard Greenhalgh,Corani-Pampa,Bolivia,Cochabamba,2018-03-11,-17.1246,-65.9372,Barred Fruiteater,Pipreola arcuata,yellow,male,adult
205093881,Niels Poul Dreyer,Carretera a Manú--Pillahuata (Valqui A1.2),Peru,Cuzco [Cusco],2006-10-17,-13.1621,-71.5945,Barred Fruiteater,Pipreola arcuata,yellow,male,adult
204688281,Rainer Seifert,"Cotapata National Park (-16.2107, -67.9683)",Bolivia,La Paz,2011-10-30,-16.2107,-67.9683,Barred Fruiteater,Pipreola arcuata,yellow,male,adult
619974312,Jose-Miguel Ponciano,Wayqecha Cloud Forest Biological Station--Canopy Trail,Peru,Cuzco [Cusco],2024-06-02,-13.1850,-71.5877,Barred Fruiteater,Pipreola arcuata,yellow,male,adult
619006952,Marybel Crespo Saucedo,Corani cloud forest,Bolivia,Cochabamba,2024-05-11,-17.1584,-65.8747,Barred Fruiteater,Pipreola arcuata,yellow,male,adult
611902638,John Richardson,Carretera a Manú--Esperanza,Peru,Cuzco [Cusco],2023-10-03,-13.1780,-71.6033,Barred Fruiteater,Pipreola arcuata,yellow,male,adult
601627381,Anonymous,PN Manu 18.5.,Peru,Cuzco [Cusco],2019-05-18,-13.1597,-71.6139,Barred Fruiteater,Pipreola arcuata,yellow,male,adult
42568611,Neil Wingert,Corani cloud forest,Bolivia,Cochabamba,2016-10-16,-17.1584,-65.8747,Barred Fruiteater,Pipreola arcuata,yellow,male,adult
121274811,JoAnn Potter Riggle 🦤,Carretera a Manú--Túneles Pillahuata (2600-2800m),Peru,Cuzco [Cusco],2018-10-14,-13.1707,-71.6038,Barred Fruiteater,Pipreola arcuata,yellow,male,adult
623224247,Sud Menon,"Carretera a Manu, Cuzco, PE (-13.178, -71.609)",Peru,Cuzco [Cusco],2024-08-04,-13.1780,-71.6095,Barred Fruiteater,Pipreola arcuata,yellow,male,adult
611276977,Kent Miller,Chuspipata--upper Old Coroico Rd.,Bolivia,La Paz,2023-11-15,-16.2926,-67.8265,Barred Fruiteater,Pipreola arcuata,yellow,female,adult
312774711,Gary Rosenberg,Chapare Region--Miguelito Substation Rd.,Bolivia,Cochabamba,2017-12-12,-17.1622,-65.7673,Barred Fruiteater,Pipreola arcuata,yellow,female,adult
83318411,Steven Liffmann,ACP Abra Málaga--Lagunillas,Peru,Cuzco [Cusco],2017-12-05,-13.1271,-72.3274,Barred Fruiteater,Pipreola arcuata,yellow,female,adult
78123971,Doris Guimond et Claude Gagnon,Carretera a Manú--Rocotal Medio (2000-2200m),Peru,Cuzco [Cusco],2017-12-02,-13.1157,-71.5709,Barred Fruiteater,Pipreola arcuata,yellow,male,adult
77351211,Eric Heisey,Wayqecha Cloud Forest Birding Lodge,Peru,Cuzco [Cusco],2017-10-06,-13.1751,-71.5867,Barred Fruiteater,Pipreola arcuata,yellow,male,adult
40755081,Ian Davies,Chuspipata--upper Old Coroico Rd.,Bolivia,La Paz,2013-08-26,-16.2926,-67.8265,Barred Fruiteater,Pipreola arcuata,yellow,male,adult
477048011,Holger Teichmann,"Pillahuata, Carretera a Manu, Cuzco, PE (-13.161, -71.598)",Peru,Cuzco [Cusco],2022-08-06,-13.1611,-71.5977,Barred Fruiteater,Pipreola arcuata,yellow,male,adult
399219951,Tim Forrester,Wayqecha Cloud Forest Birding Lodge,Peru,Cuzco [Cusco],2011-10-22,-13.1751,-71.5867,Barred Fruiteater,Pipreola arcuata,yellow,male,adult
386714641,Gary Charlton,"Auto selected -13.17775, -71.60964",Peru,Cuzco [Cusco],2021-10-23,-13.1778,-71.6096,Barred Fruiteater,Pipreola arcuata,yellow,male,adult
382688081,Paul Vandenbussche,Carretera a Manú--Pillahuata (Valqui A1.2),Peru,Cuzco [Cusco],2021-10-06,-13.1621,-71.5945,Barred Fruiteater,Pipreola arcuata,yellow,male,adult
375266711,Lisa & Li Li,Carretera a Manú--Esperanza,Peru,Cuzco [Cusco],2021-09-13,-13.1780,-71.6033,Barred Fruiteater,Pipreola arcuata,yellow,male,adult
328129241,walter mancilla huaman,Carretera a Manú--Rocotal Superior (2200-2400m),Peru,Cuzco [Cusco],2020-11-10,-13.1442,-71.5863,Barred Fruiteater,Pipreola arcuata,yellow,male,adult
256763531,Mathieu Franzkeit,Manu Road (Grey-breasted Mountain-toucan spot),Peru,Cuzco [Cusco],2015-08-10,-13.1570,-71.5960,Barred Fruiteater,Pipreola arcuata,yellow,male,adult
200162751,John Anderson,Cusco to Wayqecha,Peru,Cuzco [Cusco],2019-10-30,-13.1754,-71.5867,Barred Fruiteater,Pipreola arcuata,yellow,male,adult
67134811,Eric Kershner,"PE-Cuzco-CU-113 (-13.1772,-71.6096)",Peru,Cuzco [Cusco],2017-07-15,-13.1772,-71.6096,Barred Fruiteater,Pipreola arcuata,yellow,male,adult
624362169,Rafael Salcedo,Corani cloud forest,Bolivia,Cochabamba,2024-09-28,-17.1584,-65.8747,Barred Fruiteater,Pipreola arcuata,yellow,male,adult
621945500,Toby Holmes,Wayqecha Cloud Forest Biological Station,Peru,Cuzco [Cusco],2024-07-25,-13.1749,-71.5872,Barred Fruiteater,Pipreola arcuata,yellow,male,adult
608740009,Andres Vasquez Noboa,Carretera a Manú--Pillahuata (Valqui A1.2),Peru,Cuzco [Cusco],2023-08-24,-13.1621,-71.5945,Barred Fruiteater,Pipreola arcuata,yellow,male,adult
222171871,Fernando Angulo - CORBIDI,Carretera a Manú--Túneles Pillahuata (2200-2500m),Peru,Cuzco [Cusco],2018-09-05,-13.1578,-71.5976,Barred Fruiteater,Pipreola arcuata,yellow,male,adult
72481121,Roseanna Denton,"PE-Cuzco-CU-113 (-13.1766,-71.6092) Manu NP",Peru,Cuzco [Cusco],2017-10-10,-13.1766,-71.6092,Barred Fruiteater,Pipreola arcuata,yellow,male,adult
37172601,Tini & Jacob Wijpkema,Tablas Monte Area,Bolivia,Cochabamba,2016-09-20,-17.1719,-65.8920,Barred Fruiteater,Pipreola arcuata,yellow,male,adult
626461934,Eric VanderWerf,Chuspipata--upper Old Coroico Rd.,Bolivia,La Paz,2024-07-27,-16.2926,-67.8265,Barred Fruiteater,Pipreola arcuata,yellow,male,adult
624014379,Peter Bono,Carretera a Manú--Túneles Pillahuata (2200-2500m),Peru,Cuzco [Cusco],2008-07-30,-13.1578,-71.5976,Barred Fruiteater,Pipreola arcuata,yellow,male,adult
623528854,David Wright,"Auto selected -13.17028, -71.60332",Peru,Cuzco [Cusco],2023-09-28,-13.1703,-71.6033,Barred Fruiteater,Pipreola arcuata,yellow,male,adult
611722742,Christoph Moning,Carretera a Manú--Túneles Pillahuata (2600-2800m),Peru,Cuzco [Cusco],2023-09-18,-13.1707,-71.6038,Barred Fruiteater,Pipreola arcuata,yellow,male,adult
610471381,Juan martinez,Wayqecha Cloud Forest Biological Station,Peru,Cuzco [Cusco],2023-10-25,-13.1749,-71.5872,Barred Fruiteater,Pipreola arcuata,yellow,male,adult
543213811,Chris Drysdale,Carretera a Manú--Túneles Pillahuata (2600-2800m),Peru,Cuzco [Cusco],2022-11-22,-13.1707,-71.6038,Barred Fruiteater,Pipreola arcuata,yellow,male,adult
523426411,Jay McGowan,"Carretera a Manú: -13.1686,-71.6009 (2705m)",Peru,Cuzco [Cusco],2022-11-02,-13.1686,-71.6009,Barred Fruiteater,Pipreola arcuata,yellow,male,adult
503115571,Pam Bruns & Ken Smith,Wayqecha Cloud Forest Biological Station--Canopy Trail,Peru,Cuzco [Cusco],2022-10-18,-13.1850,-71.5877,Barred Fruiteater,Pipreola arcuata,yellow,male,adult
457947371,Danny Byrne,Carretera a Manú--Esperanza,Peru,Cuzco [Cusco],2022-05-25,-13.1780,-71.6033,Barred Fruiteater,Pipreola arcuata,yellow,male,adult
424333661,Simon Colenutt,"Manu Road (-13.17522, -71.60765)",Peru,Cuzco [Cusco],2022-02-26,-13.1752,-71.6077,Barred Fruiteater,Pipreola arcuata,yellow,male,adult
122697651,Charles Duncan,Wayqecha Cloud Forest Biological Station--Canopy Trail,Peru,Cuzco [Cusco],2018-10-22,-13.1850,-71.5877,Barred Fruiteater,Pipreola arcuata,yellow,male,adult
628976725,bob butler,Chuspipata--upper Old Coroico Rd.,Bolivia,La Paz,2024-10-22,-16.2926,-67.8265,Barred Fruiteater,Pipreola arcuata,yellow,male,adult
610184882,Bradley Hacker 🦜,Corani cloud forest,Bolivia,Cochabamba,2023-09-28,-17.1584,-65.8747,Barred Fruiteater,Pipreola arcuata,yellow,male,adult
472109291,Paul Suchanek,Carretera a Manú--Túneles Pillahuata (2600-2800m),Peru,Cuzco [Cusco],2022-07-03,-13.1707,-71.6038,Barred Fruiteater,Pipreola arcuata,yellow,male,adult
35419891,Cullen Hanks,"-13.1787x-71.6095 - ago 21, 2016 08:07",Peru,Cuzco [Cusco],2016-08-21,-13.1787,-71.6095,Barred Fruiteater,Pipreola arcuata,yellow,female,adult
35421321,Cullen Hanks,"-13.1852x-71.5887 - ago 21, 2016 14:52",Peru,Cuzco [Cusco],2016-08-21,-13.1852,-71.5887,Barred Fruiteater,Pipreola arcuata,yellow,male,adult
624908847,Steven Hunter,Chuspipata--upper Old Coroico Rd.,Bolivia,La Paz,2024-10-10,-16.2926,-67.8265,Barred Fruiteater,Pipreola arcuata,yellow,female,adult
621710775,Julian Moulton,Wayqecha Cloud Forest Biological Station,Peru,Cuzco [Cusco],2024-07-21,-13.1749,-71.5872,Barred Fruiteater,Pipreola arcuata,yellow,female,adult
619141920,Greg Vassilopoulos,Wayqecha Cloud Forest Biological Station--Canopy Trail,Peru,Cuzco [Cusco],2024-04-09,-13.1850,-71.5877,Barred Fruiteater,Pipreola arcuata,yellow,male,adult
611226401,Kurt Hennige,Chuspipata--upper Old Coroico Rd.,Bolivia,La Paz,2023-11-15,-16.2926,-67.8265,Barred Fruiteater,Pipreola arcuata,yellow,male,adult
608265630,Richard Greenhalgh,Pilco Grande,Peru,Cuzco [Cusco],2023-07-15,-13.1788,-71.6098,Barred Fruiteater,Pipreola arcuata,yellow,male,juvenile
606996931,Ben Loehnen,Carretera a Manú--Paso Acjanaco a Wayquecha,Peru,Cuzco [Cusco],2023-08-21,-13.1869,-71.6009,Barred Fruiteater,Pipreola arcuata,yellow,male,adult
591668011,Alejandra Pons,"(-13.1779,-71.6095)",Peru,Cuzco [Cusco],2022-10-24,-13.1779,-71.6095,Barred Fruiteater,Pipreola arcuata,yellow,male,adult
509723491,Gladys Wigg,Wayqecha Cloud Forest Biological Station,Peru,Cuzco [Cusco],2022-08-14,-13.1749,-71.5872,Barred Fruiteater,Pipreola arcuata,yellow,male,adult
461946331,Craig Rasmussen,Wayqecha Cloud Forest Biological Station--Canopy Trail,Peru,Cuzco [Cusco],2022-04-18,-13.1850,-71.5877,Barred Fruiteater,Pipreola arcuata,yellow,male,adult
460250311,Jennifer Nelson,RN-25 Sur Yungas,Bolivia,La Paz,2022-06-15,-16.3125,-67.9054,Barred Fruiteater,Pipreola arcuata,yellow,female,adult
450148231,Juan José Chalco Luna,Wayqecha Cloud Forest Biological Station,Peru,Cuzco [Cusco],2022-04-23,-13.1749,-71.5872,Barred Fruiteater,Pipreola arcuata,yellow,female,adult
425093411,Chris Jones,Carretera a Manú--Pillahuata (Valqui A1.2),Peru,Cuzco [Cusco],2009-09-06,-13.1621,-71.5945,Barred Fruiteater,Pipreola arcuata,yellow,male,adult
82390371,Peter Kaestner,Carretera a Manú--Esperanza,Peru,Cuzco [Cusco],2018-01-09,-13.1780,-71.6033,Barred Fruiteater,Pipreola arcuata,yellow,male,adult
68211561,Tor Egil Høgsås,Carretera a Manú--Túneles Pillahuata (2600-2800m),Peru,Cuzco [Cusco],2008-03-24,-13.1707,-71.6038,Barred Fruiteater,Pipreola arcuata,yellow,male,adult
66885601,Brian Sullivan,"PE-Cuzco-Manu National Park (-13.2037,-71.6162)",Peru,Cuzco [Cusco],2017-07-20,-13.2037,-71.6162,Barred Fruiteater,Pipreola arcuata,yellow,male,adult
66558451,Paul Fenwick,"PE-Cuzco-Manu National Park (-13.2037,-71.6162)",Peru,Cuzco [Cusco],2017-07-20,-13.2037,-71.6162,Barred Fruiteater,Pipreola arcuata,yellow,male,adult
65090701,Brian Sullivan,"PE-Cuzco-CU-113 (-13.1772,-71.6096)",Peru,Cuzco [Cusco],2017-07-15,-13.1772,-71.6096,Barred Fruiteater,Pipreola arcuata,yellow,male,adult
65053481,Noah Frade,Carretera a Manú--Túneles Pillahuata (2600-2800m),Peru,Cuzco [Cusco],2017-07-27,-13.1707,-71.6038,Barred Fruiteater,Pipreola arcuata,yellow,male,adult
82881091,Alex Wiebe,Wayqecha Cloud Forest Birding Lodge,Peru,Cuzco [Cusco],2018-01-18,-13.1751,-71.5867,Barred Fruiteater,Pipreola arcuata,yellow,male,adult
623224722,Kaushiki Menon,"Carretera a Manu, Cuzco, PE (-13.178, -71.609)",Peru,Cuzco [Cusco],2024-08-04,-13.1780,-71.6095,Barred Fruiteater,Pipreola arcuata,yellow,male,adult
536160531,Ignacio Siemersi,"North Yungas Road, Departamento de La Paz, BO (-16.282, -67.798)",Bolivia,La Paz,2023-01-24,-16.2822,-67.7978,Barred Fruiteater,Pipreola arcuata,yellow,female,adult
632704727,Alex Boas,Corani cloud forest,Bolivia,Cochabamba,2025-03-09,-17.1584,-65.8747,Barred Fruiteater,Pipreola arcuata,yellow,male,adult
627712864,T Tseng,Carretera a Manú--Túneles Pillahuata (2600-2800m),Peru,Cuzco [Cusco],2024-12-18,-13.1707,-71.6038,Barred Fruiteater,Pipreola arcuata,yellow,female,adult
625015765,Ann Kovich,"Carretera a Manu, Cuzco, PE (-13.175, -71.587)",Peru,Cuzco [Cusco],2024-09-28,-13.1751,-71.5875,Barred Fruiteater,Pipreola arcuata,yellow,male,adult
622226531,Vlad Sladariu,Carretera a Manú--Pillahuata (Valqui A1.2),Peru,Cuzco [Cusco],2021-10-04,-13.1621,-71.5945,Barred Fruiteater,Pipreola arcuata,yellow,male,adult
609637587,Craig Rasmussen,Tablas Monte Area,Bolivia,Cochabamba,2023-09-13,-17.1719,-65.8920,Barred Fruiteater,Pipreola arcuata,yellow,male,adult
546520571,Pablo Cuervo,Chuspipata--upper Old Coroico Rd.,Bolivia,La Paz,2023-03-12,-16.2926,-67.8265,Barred Fruiteater,Pipreola arcuata,yellow,male,adult
539218061,Lars Petersson | My World of Bird Photography,Corani cloud forest,Bolivia,Cochabamba,2022-10-22,-17.1584,-65.8747,Barred Fruiteater,Pipreola arcuata,yellow,male,adult
507609631,John Garrett,"Carretera a Manú: -13.1686,-71.6009 (2705m)",Peru,Cuzco [Cusco],2022-11-02,-13.1686,-71.6009,Barred Fruiteater,Pipreola arcuata,yellow,male,adult
456945561,Mark Stanley,"Auto selected -13.19945, -71.60782",Peru,Cuzco [Cusco],2022-04-24,-13.1995,-71.6078,Barred Fruiteater,Pipreola arcuata,yellow,male,adult
424186371,Brian Elliott,"Auto selected -13.17775, -71.60964",Peru,Cuzco [Cusco],2021-10-23,-13.1778,-71.6096,Barred Fruiteater,Pipreola arcuata,yellow,male,adult
398603091,Michel Turcot,Wayqecha Cloud Forest Biological Station--Canopy Trail,Peru,Cuzco [Cusco],2017-04-18,-13.1850,-71.5877,Barred Fruiteater,Pipreola arcuata,yellow,female,adult
356911271,Diego Caiafa,Camino de Cuzco a Pillahuata,Peru,Cuzco [Cusco],2019-10-02,-13.2018,-71.6168,Barred Fruiteater,Pipreola arcuata,yellow,male,adult
270984471,Tim Ludwick,Wayqecha Cloud Forest Biological Station,Peru,Cuzco [Cusco],2013-09-30,-13.1749,-71.5872,Barred Fruiteater,Pipreola arcuata,yellow,male,adult
220755181,Fernando Angulo - CORBIDI,"PE-Departamento de Cusco-CU-113 (-13.1703,-71.6035)",Peru,Cuzco [Cusco],2017-06-22,-13.1703,-71.6035,Barred Fruiteater,Pipreola arcuata,yellow,male,adult
183692911,Jim Tietz,"Peru_Carretera a Manu (-13.1780,-71.6095)",Peru,Cuzco [Cusco],2019-07-18,-13.1780,-71.6095,Barred Fruiteater,Pipreola arcuata,yellow,male,adult
175752211,Charlotte Byers,Wayqecha Cloud Forest Birding Lodge,Peru,Cuzco [Cusco],2019-08-04,-13.1751,-71.5867,Barred Fruiteater,Pipreola arcuata,yellow,male,adult
131580071,Chris Welsh,Carretera a Manú--Túneles Pillahuata (2600-2800m),Peru,Cuzco [Cusco],2018-11-09,-13.1707,-71.6038,Barred Fruiteater,Pipreola arcuata,yellow,male,adult
129002311,Carlo Castellani,carretera de la muerte,Bolivia,La Paz,2014-01-30,-16.2972,-67.8222,Barred Fruiteater,Pipreola arcuata,yellow,male,adult
126362161,John Patten Moss,Carretera a Manú--Túneles Pillahuata (2600-2800m),Peru,Cuzco [Cusco],2018-11-30,-13.1707,-71.6038,Barred Fruiteater,Pipreola arcuata,yellow,male,adult
122556201,Laura Blutstein,"Carretera a Manú (-13.1779,-71.6094)",Peru,Cuzco [Cusco],2018-10-22,-13.1779,-71.6094,Barred Fruiteater,Pipreola arcuata,yellow,male,adult
627620911,Larry Therrien,"Manu Road at -13.16817, -71.60048",Peru,Cuzco [Cusco],2024-12-06,-13.1682,-71.6005,Barred Fruiteater,Pipreola arcuata,yellow,female,adult
624187579,Eric VanderWerf,Corani cloud forest,Bolivia,Cochabamba,2024-07-22,-17.1584,-65.8747,Barred Fruiteater,Pipreola arcuata,yellow,female,adult
399261721,Tim Forrester,Wayqecha Cloud Forest Birding Lodge,Peru,Cuzco [Cusco],2011-11-30,-13.1751,-71.5867,Barred Fruiteater,Pipreola arcuata,yellow,female,adult
332043931,Denis Tétreault,Wayqecha Cloud Forest Biological Station--Canopy Trail,Peru,Cuzco [Cusco],2017-04-18,-13.1850,-71.5877,Barred Fruiteater,Pipreola arcuata,yellow,female,adult
326857441,Tini & Jacob Wijpkema,"Cochabamba Department (-17.25, -65.8559)",Bolivia,Cochabamba,2021-04-05,-17.2500,-65.8559,Barred Fruiteater,Pipreola arcuata,yellow,female,adult
112077171,Will Sweet,Wayqecha Cloud Forest Birding Lodge,Peru,Cuzco [Cusco],2018-08-24,-13.1751,-71.5867,Barred Fruiteater,Pipreola arcuata,yellow,female,adult
88666771,Tini & Jacob Wijpkema,Cloudforest near Pojo Cruce,Bolivia,Cochabamba,2018-03-03,-17.7662,-64.8099,Barred Fruiteater,Pipreola arcuata,yellow,male,adult
65797911,Cory Gregory,Abra Malaga (east slope),Peru,Cuzco [Cusco],2017-08-09,-13.1097,-72.3670,Barred Fruiteater,Pipreola arcuata,yellow,female,adult
23133581,Warren Bielenberg,Tablas Monte Area,Bolivia,Cochabamba,2015-08-10,-17.1719,-65.8920,Barred Fruiteater,Pipreola arcuata,yellow,male,adult
623640258,Klaus Lachenmaier,Carretera a Manú--Túneles Pillahuata (2600-2800m),Peru,Cuzco [Cusco],2024-08-20,-13.1707,-71.6038,Barred Fruiteater,Pipreola arcuata,yellow,male,adult
621857846,Dana Cameron,Carretera a Manú--Túneles Pillahuata (2600-2800m),Peru,Cuzco [Cusco],2024-07-17,-13.1707,-71.6038,Barred Fruiteater,Pipreola arcuata,yellow,male,adult
620116214,David F. Belmonte,Trocha Yanamonte,Peru,Ayacucho,2024-05-26,-12.7774,-73.9981,Barred Fruiteater,Pipreola arcuata,yellow,male,juvenile
520285751,David F. Belmonte,Bosque Nublado de Roble,Peru,Huancavelica,2022-12-05,-12.1969,-74.4522,Barred Fruiteater,Pipreola arcuata,yellow,male,adult
492112341,Àlex Giménez,Chuspipata--upper Old Coroico Rd.,Bolivia,La Paz,2022-10-08,-16.2926,-67.8265,Barred Fruiteater,Pipreola arcuata,yellow,male,adult
385368141,Jeremy Yawney,Wayqecha Cloud Forest Birding Lodge,Peru,Cuzco [Cusco],2021-09-25,-13.1751,-71.5867,Barred Fruiteater,Pipreola arcuata,yellow,male,adult
380851511,Matt Yawney,Wayqecha Cloud Forest Birding Lodge,Peru,Cuzco [Cusco],2021-09-25,-13.1751,-71.5867,Barred Fruiteater,Pipreola arcuata,yellow,male,adult
319358701,Diane Stinson,Cusco to Wayqecha,Peru,Cuzco [Cusco],2019-10-30,-13.1754,-71.5867,Barred Fruiteater,Pipreola arcuata,yellow,male,adult
126032741,Suzanne Vargas,Corani cloud forest,Bolivia,Cochabamba,2018-11-29,-17.1584,-65.8747,Barred Fruiteater,Pipreola arcuata,yellow,female,adult
118643231,Robert Tizard,Wayqecha Cloud Forest Birding Lodge,Peru,Cuzco [Cusco],2014-07-12,-13.1751,-71.5867,Barred Fruiteater,Pipreola arcuata,yellow,male,adult
116227611,Yve Morrell,"(-13.1802,-71.6090)",Peru,Cuzco [Cusco],2018-09-06,-13.1802,-71.6090,Barred Fruiteater,Pipreola arcuata,yellow,male,adult
453147541,Julian Moulton,Wayqecha Cloud Forest Biological Station,Peru,Cuzco [Cusco],2022-05-25,-13.1749,-71.5872,Barred Fruiteater,Pipreola arcuata,yellow,male,adult
31694531,Róger Rodríguez Bravo,Wayqecha Cloud Forest Biological Station--Zorro Trail,Peru,Cuzco [Cusco],2016-05-24,-13.1763,-71.5971,Barred Fruiteater,Pipreola arcuata,yellow,female,adult
626026902,Markus Deutsch,Wayqecha Cloud Forest Biological Station--Canopy Trail,Peru,Cuzco [Cusco],2024-08-30,-13.1850,-71.5877,Barred Fruiteater,Pipreola arcuata,yellow,female,adult
580872901,Miguel Clavijo,Chuspipata--upper Old Coroico Rd.,Bolivia,La Paz,2023-05-28,-16.2926,-67.8265,Barred Fruiteater,Pipreola arcuata,yellow,male,adult
453179551,Olivia Noonan,Wayqecha Cloud Forest Biological Station,Peru,Cuzco [Cusco],2022-05-25,-13.1749,-71.5872,Barred Fruiteater,Pipreola arcuata,yellow,male,adult
50017171,John Drummond,Tablas Monte Area,Bolivia,Cochabamba,2008-09-01,-17.1719,-65.8920,Barred Fruiteater,Pipreola arcuata,yellow,male,adult
80894371,Peter Kaestner,"(-13.0829,-72.3716). Above San Luis",Peru,Cuzco [Cusco],2018-01-06,-13.0829,-72.3716,Barred Fruiteater,Pipreola arcuata,yellow,male,adult
631723941,Daniel Hinckley | samazul.com,Tablas Monte Area,Bolivia,Cochabamba,2019-09-17,-17.1719,-65.8920,Barred Fruiteater,Pipreola arcuata,yellow,male,adult
630910799,matthew sabatine,Kachi Represa,Bolivia,Cochabamba,2025-01-29,-17.2222,-65.8995,Barred Fruiteater,Pipreola arcuata,yellow,male,adult
629243018,Mariano Medrano,Carretera a Manú--Túneles Pillahuata (2600-2800m),Peru,Cuzco [Cusco],2024-12-31,-13.1707,-71.6038,Barred Fruiteater,Pipreola arcuata,yellow,male,adult
629114134,Xavi Francisco,Carretera a Manú--Túneles Pillahuata (2600-2800m),Peru,Cuzco [Cusco],2024-12-31,-13.1707,-71.6038,Barred Fruiteater,Pipreola arcuata,yellow,male,adult
628291828,Emma Meadows,Manu Road (5),Peru,Cuzco [Cusco],2024-05-31,-13.1742,-71.6068,Barred Fruiteater,Pipreola arcuata,yellow,male,adult
627531208,Richard Amable,Carretera a Manú--Túneles Pillahuata (2600-2800m),Peru,Cuzco [Cusco],2024-11-26,-13.1707,-71.6038,Barred Fruiteater,Pipreola arcuata,yellow,raro,raro
627204090,Chantal Brault,"Carretera a Manu, Cuzco, PE (-13,175, -71,588)",Peru,Cuzco [Cusco],2024-11-08,-13.1750,-71.5875,Barred Fruiteater,Pipreola arcuata,yellow,male,adult
625291174,Eileen Gibney,"Between Wayquecha and Cock of the Rock Lodges -13.18306, -71.60831",Peru,Cuzco [Cusco],2024-09-06,-13.1831,-71.6083,Barred Fruiteater,Pipreola arcuata,yellow,female,adult
625259237,jerald britten,"Carretera a Manu, Cuzco, PE (-13.176, -71.608)",Peru,Cuzco [Cusco],2024-10-04,-13.1758,-71.6084,Barred Fruiteater,Pipreola arcuata,yellow,female,adult
624594244,Ferran López Sanz,"Auto selected -13.17665, -71.60930",Peru,Cuzco [Cusco],2024-08-11,-13.1766,-71.6093,Barred Fruiteater,Pipreola arcuata,yellow,male,adult
624541967,Rick Bateman,Wayqecha Cloud Forest Biological Station--Zorro Trail,Peru,Cuzco [Cusco],2022-10-26,-13.1763,-71.5971,Barred Fruiteater,Pipreola arcuata,yellow,male,adult
624525103,Robert Bochenek,Carretera a Manú--Túneles Pillahuata (2600-2800m),Peru,Cuzco [Cusco],2024-09-02,-13.1707,-71.6038,Barred Fruiteater,Pipreola arcuata,yellow,male,adult
624327000,Patrick Van Thull,"(-13.1774,-71.5991)",Peru,Cuzco [Cusco],2024-09-05,-13.1774,-71.5991,Barred Fruiteater,Pipreola arcuata,yellow,male,adult
623988025,Soham Mehta,"(-13.1774,-71.5991)",Peru,Cuzco [Cusco],2024-09-05,-13.1774,-71.5991,Barred Fruiteater,Pipreola arcuata,yellow,male,adult
621922176,Toby Holmes,Wayqecha Cloud Forest Biological Station,Peru,Cuzco [Cusco],2024-07-26,-13.1749,-71.5872,Barred Fruiteater,Pipreola arcuata,yellow,female,adult
619829279,Lior Dor,Chuspipata--upper Old Coroico Rd.,Bolivia,La Paz,2024-05-08,-16.2926,-67.8265,Barred Fruiteater,Pipreola arcuata,yellow,male,adult
619828671,Itamar Donitza,Chuspipata--upper Old Coroico Rd.,Bolivia,La Paz,2024-05-06,-16.2926,-67.8265,Barred Fruiteater,Pipreola arcuata,yellow,male,adult
612526369,José Martín,Carretera a Manu,Peru,Cuzco [Cusco],2011-10-04,-13.1751,-71.5914,Barred Fruiteater,Pipreola arcuata,yellow,female,adult
580715891,Michael Buckham,Carretera a Manú--Túneles Pillahuata (2600-2800m),Peru,Cuzco [Cusco],2019-05-17,-13.1707,-71.6038,Barred Fruiteater,Pipreola arcuata,yellow,male,adult
558256461,Luciano Naka,Wayqecha Cloud Forest Biological Station,Peru,Cuzco [Cusco],2011-11-15,-13.1749,-71.5872,Barred Fruiteater,Pipreola arcuata,yellow,male,adult
556285311,Marybel Crespo Saucedo,Corani cloud forest,Bolivia,Cochabamba,2023-03-31,-17.1584,-65.8747,Barred Fruiteater,Pipreola arcuata,yellow,male,adult
527161731,Ryan Terrill,"Chuspipata, Coroico",Bolivia,La Paz,2023-01-16,-16.3047,-67.8143,Barred Fruiteater,Pipreola arcuata,yellow,male,adult
523624171,Ryan Terrill,Chuspipata--upper Old Coroico Rd.,Bolivia,La Paz,2023-01-12,-16.2926,-67.8265,Barred Fruiteater,Pipreola arcuata,yellow,male,adult
521181001,Nige Hartley,Carretera a Manú--Pillahuata (Valqui A1.2),Peru,Cuzco [Cusco],2022-11-06,-13.1621,-71.5945,Barred Fruiteater,Pipreola arcuata,yellow,male,adult
517298251,MIGUEL  MARTINEZ-DIAZ,Chuspipata--upper Old Coroico Rd.,Bolivia,La Paz,2022-12-27,-16.2926,-67.8265,Barred Fruiteater,Pipreola arcuata,yellow,male,adult
506863121,Jos Huatangari,Abra Málaga--Cloud Forest (2700-3000m),Peru,Cuzco [Cusco],2022-11-01,-13.0688,-72.3986,Barred Fruiteater,Pipreola arcuata,yellow,male,adult
497271361,Scott (瑞興) LIN(林),"Carretera a Manu, Cuzco, PE (-13.176, -71.608)",Peru,Cuzco [Cusco],2022-10-05,-13.1760,-71.6080,Barred Fruiteater,Pipreola arcuata,yellow,male,adult
497004541,JOSÉ AUGUSTO Mérida Misericordia,Tablas Monte Area,Bolivia,Cochabamba,2019-09-28,-17.1719,-65.8920,Barred Fruiteater,Pipreola arcuata,yellow,male,adult
634856484,Alberto  Espinoza,Unduavi Viejo,Bolivia,La Paz,2025-04-28,-16.3086,-67.8997,Barred Fruiteater,Pipreola arcuata,yellow,male,NA
632704727,Alex Boas,Corani cloud forest,Bolivia,Cochabamba,2025-03-09,-17.1584,-65.8747,Barred Fruiteater,Pipreola arcuata,yellow,male,adult
635600432,Walker Aguilar,Churo Alto,Bolivia,Cochabamba,2025-05-10,-17.1648,-65.8843,Barred Fruiteater,Pipreola arcuata,yellow,male,NA
634191285,Ray Flores,"Carretera a Manu, Cuzco, PE (-13.159, -71.591) Birding South",Peru,Cuzco [Cusco],2025-04-21,-13.1588,-71.5912,Barred Fruiteater,Pipreola arcuata,yellow,male,NA
